outcome,repeat,n_hops,seeds_a,seeds_b,pearson,spearman
positional_benefit,0,220,23;35;41;59;71,87;93;155;201;803,0.8104150380047305,0.6774719237249455
positional_benefit,1,220,23;35;41;59;87,71;93;155;201;803,0.8006440170799851,0.700088469145681
positional_benefit,2,220,23;35;41;59;93,71;87;155;201;803,0.8489715130163853,0.7341676856584188
positional_benefit,3,220,23;35;41;59;155,71;87;93;201;803,0.8311269823917947,0.7127784383223545
positional_benefit,4,220,23;35;41;59;201,71;87;93;155;803,0.8330186044158447,0.6963953049368037
positional_benefit,5,220,23;35;41;59;803,71;87;93;155;201,0.8586142791897041,0.7612584031600952
positional_benefit,6,220,23;35;41;71;87,59;93;155;201;803,0.8494399960517467,0.7105684001735573
positional_benefit,7,220,23;35;41;71;93,59;87;155;201;803,0.865126009453015,0.7537706451485662
positional_benefit,8,220,23;35;41;71;155,59;87;93;201;803,0.8221118965393424,0.74033685895088
positional_benefit,9,220,23;35;41;71;201,59;87;93;155;803,0.8598430466171704,0.7017789623752557
positional_benefit,10,220,23;35;41;71;803,59;87;93;155;201,0.8682989418859772,0.7472284363501123
positional_benefit,11,220,23;35;41;87;93,59;71;155;201;803,0.8321243334288874,0.7245938590015947
positional_benefit,12,220,23;35;41;87;155,59;71;93;201;803,0.8594730208184649,0.6978299701909695
positional_benefit,13,220,23;35;41;87;201,59;71;93;155;803,0.8299358524789743,0.6821264150837076
positional_benefit,14,220,23;35;41;87;803,59;71;93;155;201,0.8530452696464592,0.7348202160450348
positional_benefit,15,220,23;35;41;93;155,59;71;87;201;803,0.7759287174150996,0.7128505660334831
positional_benefit,16,220,23;35;41;93;201,59;71;87;155;803,0.8560712452618059,0.7008897629364994
positional_benefit,17,220,23;35;41;93;803,59;71;87;155;201,0.841977801882042,0.7345463561418436
positional_benefit,18,220,23;35;41;155;201,59;71;87;93;803,0.8305496925133565,0.7038909519167376
positional_benefit,19,220,23;35;41;155;803,59;71;87;93;201,0.8375563542503043,0.6988014403002316
positional_benefit,20,220,23;35;41;201;803,59;71;87;93;155,0.8734444869658065,0.7205806280745845
positional_benefit,21,220,23;35;59;71;87,41;93;155;201;803,0.8207167935663324,0.6793844350653375
positional_benefit,22,220,23;35;59;71;93,41;87;155;201;803,0.8604447809452774,0.7117292055245319
positional_benefit,23,220,23;35;59;71;155,41;87;93;201;803,0.8289235268290045,0.6755458884387167
positional_benefit,24,220,23;35;59;71;201,41;87;93;155;803,0.850437573336697,0.69032981522909
positional_benefit,25,220,23;35;59;71;803,41;87;93;155;201,0.8590321028371812,0.7099508066470194
positional_benefit,26,220,23;35;59;87;93,41;71;155;201;803,0.8245272473168569,0.7128077402050005
positional_benefit,27,220,23;35;59;87;155,41;71;93;201;803,0.8634943648097159,0.6900818762220857
positional_benefit,28,220,23;35;59;87;201,41;71;93;155;803,0.8178371136466469,0.6970748832150928
positional_benefit,29,220,23;35;59;87;803,41;71;93;155;201,0.8407381365301052,0.7411652006333714
positional_benefit,30,220,23;35;59;93;155,41;71;87;201;803,0.8021535168897727,0.6729436558606582
positional_benefit,31,220,23;35;59;93;201,41;71;87;155;803,0.8683359553862863,0.7310414001791923
positional_benefit,32,220,23;35;59;93;803,41;71;87;155;201,0.854238602224371,0.7177642663541132
positional_benefit,33,220,23;35;59;155;201,41;71;87;93;803,0.8542279501296839,0.7429255675831018
positional_benefit,34,220,23;35;59;155;803,41;71;87;93;201,0.8619971993087445,0.6997864343553304
positional_benefit,35,220,23;35;59;201;803,41;71;87;93;155,0.8814299860841599,0.7583778026969001
positional_benefit,36,220,23;35;71;87;93,41;59;155;201;803,0.8698003425227707,0.7515065112164225
positional_benefit,37,220,23;35;71;87;155,41;59;93;201;803,0.8838802546768646,0.70207987017012
positional_benefit,38,220,23;35;71;87;201,41;59;93;155;803,0.8739340950031118,0.718546401221663
positional_benefit,39,220,23;35;71;87;803,41;59;93;155;201,0.8801470843828334,0.735789432163324
positional_benefit,40,220,23;35;71;93;155,41;59;87;201;803,0.7895133417842908,0.6592450257236719
positional_benefit,41,220,23;35;71;93;201,41;59;87;155;803,0.8910593022943214,0.719072708113804
positional_benefit,42,220,23;35;71;93;803,41;59;87;155;201,0.8590768212082224,0.7117979522492012
positional_benefit,43,220,23;35;71;155;201,41;59;87;93;803,0.8508638630558841,0.7196440948254001
positional_benefit,44,220,23;35;71;155;803,41;59;87;93;201,0.8408989381153863,0.657229957794019
positional_benefit,45,220,23;35;71;201;803,41;59;87;93;155,0.8974737154709728,0.7373706068307196
positional_benefit,46,220,23;35;87;93;155,41;59;71;201;803,0.8007021244171586,0.685813944315153
positional_benefit,47,220,23;35;87;93;201,41;59;71;155;803,0.8343210375012443,0.6975854121704242
positional_benefit,48,220,23;35;87;93;803,41;59;71;155;201,0.8184176863272361,0.7392211334193606
positional_benefit,49,220,23;35;87;155;201,41;59;71;93;803,0.8658062240945156,0.7007409995322968
positional_benefit,50,220,23;35;87;155;803,41;59;71;93;201,0.8710591509051886,0.6832455216016861
positional_benefit,51,220,23;35;87;201;803,41;59;71;93;155,0.8582303916271915,0.7223669159205017
positional_benefit,52,220,23;35;93;155;201,41;59;71;87;803,0.7822757646775669,0.660310036458304
positional_benefit,53,220,23;35;93;155;803,41;59;71;87;201,0.7509988213074633,0.6359026952097057
positional_benefit,54,220,23;35;93;201;803,41;59;71;87;155,0.848251805688712,0.6855975611817675
positional_benefit,55,220,23;35;155;201;803,41;59;71;87;93,0.8479000367248609,0.6931788598186664
positional_benefit,56,220,23;41;59;71;87,35;93;155;201;803,0.7976124159215982,0.6566236342223449
positional_benefit,57,220,23;41;59;71;93,35;87;155;201;803,0.8691457845044955,0.7276040639457239
positional_benefit,58,220,23;41;59;71;155,35;87;93;201;803,0.8244771714779195,0.6800369654519535
positional_benefit,59,220,23;41;59;71;201,35;87;93;155;803,0.8009711222612056,0.6619565768639096
positional_benefit,60,220,23;41;59;71;803,35;87;93;155;201,0.8360544382572055,0.7163363630728659
positional_benefit,61,220,23;41;59;87;93,35;71;155;201;803,0.8619197682845715,0.733159024698106
positional_benefit,62,220,23;41;59;87;155,35;71;93;201;803,0.8885651125703442,0.7223263440829919
positional_benefit,63,220,23;41;59;87;201,35;71;93;155;803,0.797054930704454,0.6728827981043934
positional_benefit,64,220,23;41;59;87;803,35;71;93;155;201,0.8467924167779306,0.7503637377932301
positional_benefit,65,220,23;41;59;93;155,35;71;87;201;803,0.8586682900743728,0.7268399610059562
positional_benefit,66,220,23;41;59;93;201,35;71;87;155;803,0.879040056582526,0.7152769873156658
positional_benefit,67,220,23;41;59;93;803,35;71;87;155;201,0.8936864349217744,0.7594112575579134
positional_benefit,68,220,23;41;59;155;201,35;71;87;93;803,0.851472712009464,0.7238173591114768
positional_benefit,69,220,23;41;59;155;803,35;71;87;93;201,0.8878829155147642,0.7682018223517014
positional_benefit,70,220,23;41;59;201;803,35;71;87;93;155,0.8595405677392434,0.7225754100854827
positional_benefit,71,220,23;41;71;87;93,35;59;155;201;803,0.8883206100078374,0.7704174954779306
positional_benefit,72,220,23;41;71;87;155,35;59;93;201;803,0.8885609483115385,0.7236990245854066
positional_benefit,73,220,23;41;71;87;201,35;59;93;155;803,0.8316491653074349,0.6714357358998777
positional_benefit,74,220,23;41;71;87;803,35;59;93;155;201,0.8658596449507585,0.7304666324811369
positional_benefit,75,220,23;41;71;93;155,35;59;87;201;803,0.8246372562801453,0.7107960532618066
positional_benefit,76,220,23;41;71;93;201,35;59;87;155;803,0.8811757983507401,0.7171962606289761
positional_benefit,77,220,23;41;71;93;803,35;59;87;155;201,0.8775455346484451,0.763922620489905
positional_benefit,78,220,23;41;71;155;201,35;59;87;93;803,0.82834326351991,0.7318810118165476
positional_benefit,79,220,23;41;71;155;803,35;59;87;93;201,0.8458637758070808,0.7155271803136428
positional_benefit,80,220,23;41;71;201;803,35;59;87;93;155,0.8551021048333867,0.6949865605788249
positional_benefit,81,220,23;41;87;93;155,35;59;71;201;803,0.8652646952222965,0.7604390774414949
positional_benefit,82,220,23;41;87;93;201,35;59;71;155;803,0.8537369329166549,0.7085206493747993
positional_benefit,83,220,23;41;87;93;803,35;59;71;155;201,0.8652990640239488,0.7733758586296862
positional_benefit,84,220,23;41;87;155;201,35;59;71;93;803,0.8722200834598833,0.724500318376225
positional_benefit,85,220,23;41;87;155;803,35;59;71;93;201,0.90640371616471,0.7597042763843731
positional_benefit,86,220,23;41;87;201;803,35;59;71;93;155,0.8461524920699508,0.7044555766554156
positional_benefit,87,220,23;41;93;155;201,35;59;71;87;803,0.8196833225686067,0.6865735392729752
positional_benefit,88,220,23;41;93;155;803,35;59;71;87;201,0.8148742736084631,0.7248632109228402
positional_benefit,89,220,23;41;93;201;803,35;59;71;87;155,0.8686575423005708,0.7135504302305269
positional_benefit,90,220,23;41;155;201;803,35;59;71;87;93,0.8549055031990053,0.7183672089393282
positional_benefit,91,220,23;59;71;87;93,35;41;155;201;803,0.8586839037224736,0.7033725339930014
positional_benefit,92,220,23;59;71;87;155,35;41;93;201;803,0.871083784939986,0.6679893837025183
positional_benefit,93,220,23;59;71;87;201,35;41;93;155;803,0.7996871073920182,0.6657849805311529
positional_benefit,94,220,23;59;71;87;803,35;41;93;155;201,0.8327550838458828,0.7118723339513024
positional_benefit,95,220,23;59;71;93;155,35;41;87;201;803,0.8320937147525448,0.6509706248626475
positional_benefit,96,220,23;59;71;93;201,35;41;87;155;803,0.8721647168541667,0.6883834940241065
positional_benefit,97,220,23;59;71;93;803,35;41;87;155;201,0.8688629168232276,0.7193702349222091
positional_benefit,98,220,23;59;71;155;201,35;41;87;93;803,0.8312282801227782,0.6889965795686988
positional_benefit,99,220,23;59;71;155;803,35;41;87;93;201,0.8490348993545053,0.6801981258065062
positional_benefit,100,220,23;59;71;201;803,35;41;87;93;155,0.841862095746093,0.7030648642252187
positional_benefit,101,220,23;59;87;93;155,35;41;71;201;803,0.8699816904539971,0.7176515668054749
positional_benefit,102,220,23;59;87;93;201,35;41;71;155;803,0.8418783124670233,0.7346849765866688
positional_benefit,103,220,23;59;87;93;803,35;41;71;155;201,0.8534864224565836,0.8085336098228926
positional_benefit,104,220,23;59;87;155;201,35;41;71;93;803,0.8720887481609749,0.7507649481863825
positional_benefit,105,220,23;59;87;155;803,35;41;71;93;201,0.9068179651881758,0.7592636211491973
positional_benefit,106,220,23;59;87;201;803,35;41;71;93;155,0.8299324408758167,0.7551591035877901
positional_benefit,107,220,23;59;93;155;201,35;41;71;87;803,0.843597931231129,0.7090807661315316
positional_benefit,108,220,23;59;93;155;803,35;41;71;87;201,0.8389840825754379,0.689944382772747
positional_benefit,109,220,23;59;93;201;803,35;41;71;87;155,0.877220650529329,0.7280683860861137
positional_benefit,110,220,23;59;155;201;803,35;41;71;87;93,0.8756136724501341,0.7624947172086576
positional_benefit,111,220,23;71;87;93;155,35;41;59;201;803,0.8648854638132639,0.7119061438158941
positional_benefit,112,220,23;71;87;93;201,35;41;59;155;803,0.8736506600201183,0.7256126629212849
positional_benefit,113,220,23;71;87;93;803,35;41;59;155;201,0.8677388351400634,0.7779593492728062
positional_benefit,114,220,23;71;87;155;201,35;41;59;93;803,0.8781894771458197,0.7185024483976942
positional_benefit,115,220,23;71;87;155;803,35;41;59;93;201,0.8943652688385281,0.7341812096042555
positional_benefit,116,220,23;71;87;201;803,35;41;59;93;155,0.8547072225304851,0.7308283980322658
positional_benefit,117,220,23;71;93;155;201,35;41;59;87;803,0.8160872342038252,0.6817860624468198
positional_benefit,118,220,23;71;93;155;803,35;41;59;87;201,0.7949332058455207,0.6617311777666329
positional_benefit,119,220,23;71;93;201;803,35;41;59;87;155,0.8675293504575424,0.7112795343254649
positional_benefit,120,220,23;71;155;201;803,35;41;59;87;93,0.8400446450327316,0.6943013473231039
positional_benefit,121,220,23;87;93;155;201,35;41;59;71;803,0.8335667620906974,0.715722150532787
positional_benefit,122,220,23;87;93;155;803,35;41;59;71;201,0.8267390168110585,0.7090830201225043
positional_benefit,123,220,23;87;93;201;803,35;41;59;71;155,0.8325684302115941,0.7486270377487139
positional_benefit,124,220,23;87;155;201;803,35;41;59;71;93,0.8764124122114747,0.7511357297014025
positional_benefit,125,220,23;93;155;201;803,35;41;59;71;87,0.7876788861958691,0.6653353093320862
bvse_delta_benefit,0,220,23;35;41;59;71,87;93;155;201;803,0.9541662526357011,0.9428500588855141
bvse_delta_benefit,1,220,23;35;41;59;87,71;93;155;201;803,0.902129288114522,0.8863740610718854
bvse_delta_benefit,2,220,23;35;41;59;93,71;87;155;201;803,0.9401649786775881,0.9136405898694375
bvse_delta_benefit,3,220,23;35;41;59;155,71;87;93;201;803,0.9299597876607989,0.9212714763077373
bvse_delta_benefit,4,220,23;35;41;59;201,71;87;93;155;803,0.928612466051798,0.914821681139167
bvse_delta_benefit,5,220,23;35;41;59;803,71;87;93;155;201,0.922747260524584,0.898720296625212
bvse_delta_benefit,6,220,23;35;41;71;87,59;93;155;201;803,0.9085447816405416,0.8996974017119062
bvse_delta_benefit,7,220,23;35;41;71;93,59;87;155;201;803,0.9315436547757546,0.9000749451998443
bvse_delta_benefit,8,220,23;35;41;71;155,59;87;93;201;803,0.9239022314075275,0.8915266844356289
bvse_delta_benefit,9,220,23;35;41;71;201,59;87;93;155;803,0.9403894613526208,0.9163465060322433
bvse_delta_benefit,10,220,23;35;41;71;803,59;87;93;155;201,0.9178741558395407,0.9072516524571319
bvse_delta_benefit,11,220,23;35;41;87;93,59;71;155;201;803,0.9092654064355761,0.8725221595487509
bvse_delta_benefit,12,220,23;35;41;87;155,59;71;93;201;803,0.8852751779239572,0.8712869724956752
bvse_delta_benefit,13,220,23;35;41;87;201,59;71;93;155;803,0.8917698260016275,0.8617796385725475
bvse_delta_benefit,14,220,23;35;41;87;803,59;71;93;155;201,0.8624756713382299,0.849716278886303
bvse_delta_benefit,15,220,23;35;41;93;155,59;71;87;201;803,0.92638759351988,0.8852076207434789
bvse_delta_benefit,16,220,23;35;41;93;201,59;71;87;155;803,0.930134678818918,0.904012667429267
bvse_delta_benefit,17,220,23;35;41;93;803,59;71;87;155;201,0.9021456933664641,0.8935462603472273
bvse_delta_benefit,18,220,23;35;41;155;201,59;71;87;93;803,0.9241985955357561,0.9064537396527725
bvse_delta_benefit,19,220,23;35;41;155;803,59;71;87;93;201,0.9027797859625604,0.8908617570986628
bvse_delta_benefit,20,220,23;35;41;201;803,59;71;87;93;155,0.9031304372709029,0.8667136248119326
bvse_delta_benefit,21,220,23;35;59;71;87,41;93;155;201;803,0.9239463306594244,0.9169156387528667
bvse_delta_benefit,22,220,23;35;59;71;93,41;87;155;201;803,0.945939758701816,0.9325132562844085
bvse_delta_benefit,23,220,23;35;59;71;155,41;87;93;201;803,0.9360708823639313,0.9179051407899111
bvse_delta_benefit,24,220,23;35;59;71;201,41;87;93;155;803,0.9367082596501614,0.9136913046663249
bvse_delta_benefit,25,220,23;35;59;71;803,41;87;93;155;201,0.9407833505507769,0.9330418171675222
bvse_delta_benefit,26,220,23;35;59;87;93,41;71;155;201;803,0.924650120898187,0.907163746809194
bvse_delta_benefit,27,220,23;35;59;87;155,41;71;93;201;803,0.8983553166963825,0.9002890743422572
bvse_delta_benefit,28,220,23;35;59;87;201,41;71;93;155;803,0.8896508177443082,0.8636279111702158
bvse_delta_benefit,29,220,23;35;59;87;803,41;71;93;155;201,0.8853729671147578,0.8817556335686876
bvse_delta_benefit,30,220,23;35;59;93;155,41;71;87;201;803,0.9385322407584614,0.9261524937592625
bvse_delta_benefit,31,220,23;35;59;93;201,41;71;87;155;803,0.9264320384527386,0.9224570755594124
bvse_delta_benefit,32,220,23;35;59;93;803,41;71;87;155;201,0.9245965141955597,0.9043113212331585
bvse_delta_benefit,33,220,23;35;59;155;201,41;71;87;93;803,0.9184992975287976,0.9194806804798746
bvse_delta_benefit,34,220,23;35;59;155;803,41;71;87;93;201,0.9232335880885123,0.9192800752832985
bvse_delta_benefit,35,220,23;35;59;201;803,41;71;87;93;155,0.9080128806129063,0.881033229461916
bvse_delta_benefit,36,220,23;35;71;87;93,41;59;155;201;803,0.9316586396608384,0.9233011951787133
bvse_delta_benefit,37,220,23;35;71;87;155,41;59;93;201;803,0.907574353851915,0.8956650118616275
bvse_delta_benefit,38,220,23;35;71;87;201,41;59;93;155;803,0.9161839140344354,0.8890134845009945
bvse_delta_benefit,39,220,23;35;71;87;803,41;59;93;155;201,0.8955147473030082,0.9113167251765156
bvse_delta_benefit,40,220,23;35;71;93;155,41;59;87;201;803,0.9328766389518747,0.8988003133047452
bvse_delta_benefit,41,220,23;35;71;93;201,41;59;87;155;803,0.9386447208369757,0.9279117337135064
bvse_delta_benefit,42,220,23;35;71;93;803,41;59;87;155;201,0.9201299482089902,0.9123715929517702
bvse_delta_benefit,43,220,23;35;71;155;201,41;59;87;93;803,0.9331019693092794,0.9077678163898953
bvse_delta_benefit,44,220,23;35;71;155;803,41;59;87;93;201,0.9212542246109257,0.9119286837256216
bvse_delta_benefit,45,220,23;35;71;201;803,41;59;87;93;155,0.9235878649380361,0.9027504324845179
bvse_delta_benefit,46,220,23;35;87;93;155,41;59;71;201;803,0.9243010728724762,0.9074173207936301
bvse_delta_benefit,47,220,23;35;87;93;201,41;59;71;155;803,0.9203900008841787,0.8992364605579755
bvse_delta_benefit,48,220,23;35;87;93;803,41;59;71;155;201,0.8940516254275354,0.8857136417168648
bvse_delta_benefit,49,220,23;35;87;155;201,41;59;71;93;803,0.8982561437783878,0.8835734772882234
bvse_delta_benefit,50,220,23;35;87;155;803,41;59;71;93;201,0.8787934577181726,0.8907670894778066
bvse_delta_benefit,51,220,23;35;87;201;803,41;59;71;93;155,0.8718770567993661,0.8530657094718335
bvse_delta_benefit,52,220,23;35;93;155;201,41;59;71;87;803,0.9391490871235743,0.9285022793483713
bvse_delta_benefit,53,220,23;35;93;155;803,41;59;71;87;201,0.9214158356821873,0.9136360818874921
bvse_delta_benefit,54,220,23;35;93;201;803,41;59;71;87;155,0.9112060248373913,0.8927382045834906
bvse_delta_benefit,55,220,23;35;155;201;803,41;59;71;87;93,0.9139894187719872,0.896781864388633
bvse_delta_benefit,56,220,23;41;59;71;87,35;93;155;201;803,0.9346367820459373,0.9183548119889778
bvse_delta_benefit,57,220,23;41;59;71;93,35;87;155;201;803,0.9148711859122555,0.8979268918027984
bvse_delta_benefit,58,220,23;41;59;71;155,35;87;93;201;803,0.9280813304778259,0.9097716143646843
bvse_delta_benefit,59,220,23;41;59;71;201,35;87;93;155;803,0.9464608497467915,0.9330868969869774
bvse_delta_benefit,60,220,23;41;59;71;803,35;87;93;155;201,0.9525639126481616,0.9423214980024004
bvse_delta_benefit,61,220,23;41;59;87;93,35;71;155;201;803,0.9231542635275103,0.8914252548418543
bvse_delta_benefit,62,220,23;41;59;87;155,35;71;93;201;803,0.9193997092844359,0.9062914523027334
bvse_delta_benefit,63,220,23;41;59;87;201,35;71;93;155;803,0.927921656159078,0.8897527935400619
bvse_delta_benefit,64,220,23;41;59;87;803,35;71;93;155;201,0.9254046204161983,0.9015659602283294
bvse_delta_benefit,65,220,23;41;59;93;155,35;71;87;201;803,0.9184091267555771,0.9006666178301956
bvse_delta_benefit,66,220,23;41;59;93;201,35;71;87;155;803,0.9238976430088385,0.9196959366177738
bvse_delta_benefit,67,220,23;41;59;93;803,35;71;87;155;201,0.9240044030970372,0.8976079520801519
bvse_delta_benefit,68,220,23;41;59;155;201,35;71;87;93;803,0.9389841977453905,0.9408045620777289
bvse_delta_benefit,69,220,23;41;59;155;803,35;71;87;93;201,0.9457766271903953,0.9332920101654992
bvse_delta_benefit,70,220,23;41;59;201;803,35;71;87;93;155,0.947975472299299,0.9187143235491341
bvse_delta_benefit,71,220,23;41;71;87;93,35;59;155;201;803,0.9078909338126306,0.8924440587615446
bvse_delta_benefit,72,220,23;41;71;87;155,35;59;93;201;803,0.906646819204857,0.8882854454167911
bvse_delta_benefit,73,220,23;41;71;87;201,35;59;93;155;803,0.9327347986977534,0.9073857649200114
bvse_delta_benefit,74,220,23;41;71;87;803,35;59;93;155;201,0.9136863682246911,0.9250942449975488
bvse_delta_benefit,75,220,23;41;71;93;155,35;59;87;201;803,0.8910206549381122,0.8680209395761369
bvse_delta_benefit,76,220,23;41;71;93;201,35;59;87;155;803,0.9136970331068718,0.9077396415027358
bvse_delta_benefit,77,220,23;41;71;93;803,35;59;87;155;201,0.897536113500636,0.8882933343851959
bvse_delta_benefit,78,220,23;41;71;155;201,35;59;87;93;803,0.9310882562520865,0.9116007280390842
bvse_delta_benefit,79,220,23;41;71;155;803,35;59;87;93;201,0.9212020715164135,0.9111442948670989
bvse_delta_benefit,80,220,23;41;71;201;803,35;59;87;93;155,0.9411834989766886,0.9268827868344387
bvse_delta_benefit,81,220,23;41;87;93;155,35;59;71;201;803,0.9112961949525885,0.8751119951764593
bvse_delta_benefit,82,220,23;41;87;93;201,35;59;71;155;803,0.9248016896075413,0.8915796532234889
bvse_delta_benefit,83,220,23;41;87;93;803,35;59;71;155;201,0.9002344880060145,0.8749553428038519
bvse_delta_benefit,84,220,23;41;87;155;201,35;59;71;93;803,0.9252286406629886,0.8993097152645902
bvse_delta_benefit,85,220,23;41;87;155;803,35;59;71;93;201,0.9070784054066552,0.9040171754112123
bvse_delta_benefit,86,220,23;41;87;201;803,35;59;71;93;155,0.9171781179348922,0.8789516687985665
bvse_delta_benefit,87,220,23;41;93;155;201,35;59;71;87;803,0.9249102444291777,0.9089376377047609
bvse_delta_benefit,88,220,23;41;93;155;803,35;59;71;87;201,0.9093424296837127,0.8965463223319791
bvse_delta_benefit,89,220,23;41;93;201;803,35;59;71;87;155,0.9164659897083024,0.8941086310949324
bvse_delta_benefit,90,220,23;41;155;201;803,35;59;71;87;93,0.9423536422949065,0.9247099395366921
bvse_delta_benefit,91,220,23;59;71;87;93,35;41;155;201;803,0.9214324505530405,0.9033094222457639
bvse_delta_benefit,92,220,23;59;71;87;155,35;41;93;201;803,0.9181309983123183,0.907799372263514
bvse_delta_benefit,93,220,23;59;71;87;201,35;41;93;155;803,0.9286326194732311,0.9065010734632006
bvse_delta_benefit,94,220,23;59;71;87;803,35;41;93;155;201,0.936055447254902,0.9301927725779457
bvse_delta_benefit,95,220,23;59;71;93;155,35;41;87;201;803,0.9008955765047552,0.8848740300795094
bvse_delta_benefit,96,220,23;59;71;93;201,35;41;87;155;803,0.9082421412845657,0.901703453677668
bvse_delta_benefit,97,220,23;59;71;93;803,35;41;87;155;201,0.9180640869844592,0.9006947927173552
bvse_delta_benefit,98,220,23;59;71;155;201,35;41;87;93;803,0.9235331052871968,0.90623961051036
bvse_delta_benefit,99,220,23;59;71;155;803,35;41;87;93;201,0.9402193112158775,0.928204752539966
bvse_delta_benefit,100,220,23;59;71;201;803,35;41;87;93;155,0.944415050128528,0.9155767681150436
bvse_delta_benefit,101,220,23;59;87;93;155,35;41;71;201;803,0.9228229557276713,0.9107160365822735
bvse_delta_benefit,102,220,23;59;87;93;201,35;41;71;155;803,0.9206888671159674,0.8999070228723735
bvse_delta_benefit,103,220,23;59;87;93;803,35;41;71;155;201,0.9221903902264499,0.9065923600975977
bvse_delta_benefit,104,220,23;59;87;155;201,35;41;71;93;803,0.919083335401035,0.9065585502330064
bvse_delta_benefit,105,220,23;59;87;155;803,35;41;71;93;201,0.9271628171370363,0.9334306306103244
bvse_delta_benefit,106,220,23;59;87;201;803,35;41;71;93;155,0.9216616991210592,0.8887880854037179
bvse_delta_benefit,107,220,23;59;93;155;201,35;41;71;87;803,0.9173665141465229,0.925795236190079
bvse_delta_benefit,108,220,23;59;93;155;803,35;41;71;87;201,0.9280513929420688,0.9130894890765963
bvse_delta_benefit,109,220,23;59;93;201;803,35;41;71;87;155,0.9195387376781823,0.9007556504736198
bvse_delta_benefit,110,220,23;59;155;201;803,35;41;71;87;93,0.9433888262211093,0.932932498605343
bvse_delta_benefit,111,220,23;71;87;93;155,35;41;59;201;803,0.9104133380517883,0.891433143810259
bvse_delta_benefit,112,220,23;71;87;93;201,35;41;59;155;803,0.9259035010382042,0.9090931630818819
bvse_delta_benefit,113,220,23;71;87;93;803,35;41;59;155;201,0.9108845981515907,0.9191448358249324
bvse_delta_benefit,114,220,23;71;87;155;201,35;41;59;93;803,0.9267744906645853,0.9049683596017198
bvse_delta_benefit,115,220,23;71;87;155;803,35;41;59;93;201,0.918308715862287,0.9329065777091562
bvse_delta_benefit,116,220,23;71;87;201;803,35;41;59;93;155,0.930530520690588,0.9113122171945701
bvse_delta_benefit,117,220,23;71;93;155;201,35;41;59;87;803,0.9100883235236175,0.8973183142401514
bvse_delta_benefit,118,220,23;71;93;155;803,35;41;59;87;201,0.9042955359967568,0.8923020573302604
bvse_delta_benefit,119,220,23;71;93;201;803,35;41;59;87;155,0.9133558270195921,0.9042504634768938
bvse_delta_benefit,120,220,23;71;155;201;803,35;41;59;87;93,0.939613178323564,0.9277832562280588
bvse_delta_benefit,121,220,23;87;93;155;201,35;41;59;71;803,0.9350513519613964,0.9258087601359156
bvse_delta_benefit,122,220,23;87;93;155;803,35;41;59;71;201,0.9207215077258049,0.9180910950451643
bvse_delta_benefit,123,220,23;87;93;201;803,35;41;59;71;155,0.9202867201446213,0.8991181260319052
bvse_delta_benefit,124,220,23;87;155;201;803,35;41;59;71;93,0.9294484614725537,0.919775953297307
bvse_delta_benefit,125,220,23;93;155;201;803,35;41;59;71;87,0.9310227609143964,0.9234781334700755
