outcome,feature_set,task,model,repeat,r2,mae,spearman,roc_auc,balanced_accuracy
delta_pos,published_litraj,regression,random_forest,0,-0.299590312235843,0.1954095462529172,-0.2110060311268425,,
delta_pos,published_litraj,regression,ridge,0,-0.1699601507198225,0.18685765579792515,-0.08153586944884285,,
delta_pos,published_litraj,regression,random_forest,1,-0.15485513716590504,0.18575783874636267,-0.07458299687776031,,
delta_pos,published_litraj,regression,ridge,1,-0.04923054987923714,0.1803609954379579,0.07459132326175033,,
delta_pos,published_litraj,regression,random_forest,2,-0.15738109350072937,0.18401327893734704,-0.07107465399781489,,
delta_pos,published_litraj,regression,ridge,2,-0.1051470869768667,0.17972219826163063,0.08497433267779761,,
delta_pos,published_litraj,regression,random_forest,3,-0.2250114982087097,0.19185633398706292,-0.07463540225646813,,
delta_pos,published_litraj,regression,ridge,3,-0.05857152276138855,0.178004030481076,0.1023897939288753,,
delta_pos,published_litraj,regression,random_forest,4,-0.20421589496790826,0.1905651972727617,-0.18877984569172396,,
delta_pos,published_litraj,regression,ridge,4,-0.07619800488079775,0.1811871230751497,0.05248981477829181,,
delta_pos,published_litraj,regression,random_forest,5,-0.12234997106561951,0.18557363816075034,-0.0036847169335573176,,
delta_pos,published_litraj,regression,ridge,5,-0.11708151755508522,0.18032582372019793,0.06537475417410953,,
delta_pos,published_litraj,regression,random_forest,6,-0.2746017903726712,0.19644263006759735,-0.2567805759856654,,
delta_pos,published_litraj,regression,ridge,6,-0.1671468874738189,0.18912725828057805,-0.08167787088012711,,
delta_pos,published_litraj,regression,random_forest,7,-0.20111486600588147,0.1961697353780032,-0.21652875983036668,,
delta_pos,published_litraj,regression,ridge,7,-0.07100271538102088,0.18325463642871298,-0.0085708006739433,,
delta_pos,published_litraj,regression,random_forest,8,-0.13818384095029512,0.18553732692439678,-0.06796019670622183,,
delta_pos,published_litraj,regression,ridge,8,-0.092606909731201,0.18368889781857217,-0.016206195094188646,,
delta_pos,published_litraj,regression,random_forest,9,-0.1159613093339309,0.18027304224144203,-0.01986727351722383,,
delta_pos,published_litraj,regression,ridge,9,-0.08500052245228962,0.1799126543412075,0.037725046911187124,,
delta_pos,published_litraj,classification,logistic,0,,,,0.4955158829938815,0.5491157488894477
delta_pos,published_litraj,classification,random_forest,0,,,,0.41094627441119774,0.43818623753247843
delta_pos,published_litraj,classification,logistic,1,,,,0.5303830357891208,0.5277009471125639
delta_pos,published_litraj,classification,random_forest,1,,,,0.5116922303243651,0.5390160087167882
delta_pos,published_litraj,classification,logistic,2,,,,0.5669264940072081,0.578367278518146
delta_pos,published_litraj,classification,random_forest,2,,,,0.49509680663816946,0.50104769088928
delta_pos,published_litraj,classification,logistic,3,,,,0.5530131589975693,0.5683513536166289
delta_pos,published_litraj,classification,random_forest,3,,,,0.47799849132511935,0.50104769088928
delta_pos,published_litraj,classification,logistic,4,,,,0.5418657279356299,0.5439611097141899
delta_pos,published_litraj,classification,random_forest,4,,,,0.4572961193529461,0.49182801106361584
delta_pos,published_litraj,classification,logistic,5,,,,0.5415304668510602,0.5428715111893387
delta_pos,published_litraj,classification,random_forest,5,,,,0.5225882155728774,0.5490319336183053
delta_pos,published_litraj,classification,logistic,6,,,,0.5505825161344398,0.5705305506663314
delta_pos,published_litraj,classification,random_forest,6,,,,0.4957673288073087,0.5265275333165702
delta_pos,published_litraj,classification,logistic,7,,,,0.5047355628195457,0.49191182633475816
delta_pos,published_litraj,classification,random_forest,7,,,,0.45268627944011397,0.45901433241136536
delta_pos,published_litraj,classification,logistic,8,,,,0.5133685357472131,0.5225463079373062
delta_pos,published_litraj,classification,random_forest,8,,,,0.453105355795826,0.49727600368787195
delta_pos,published_litraj,classification,logistic,9,,,,0.5967647305339032,0.5827256726175509
delta_pos,published_litraj,classification,random_forest,9,,,,0.5454697845947531,0.5533903277177101
delta_pos,simple_geometry,regression,random_forest,0,-0.11123414092040229,0.19054126825640952,-0.10600427752001104,,
delta_pos,simple_geometry,regression,ridge,0,-0.29253297030390457,0.1974875447130148,-0.1807610600519545,,
delta_pos,simple_geometry,regression,random_forest,1,-0.04698879040131465,0.18218837448786013,0.06529882916191601,,
delta_pos,simple_geometry,regression,ridge,1,-0.10317732777762756,0.18824467010527757,-0.1235682931089861,,
delta_pos,simple_geometry,regression,random_forest,2,-0.12859066651296436,0.1923117346438167,-0.04177272181709504,,
delta_pos,simple_geometry,regression,ridge,2,-0.09445964853828515,0.18696136826232337,-0.09875861447174904,,
delta_pos,simple_geometry,regression,random_forest,3,-0.06084340626509399,0.18527259180472608,0.04289353280825461,,
delta_pos,simple_geometry,regression,ridge,3,-0.14526948952260654,0.1900496413914144,-0.11109245307472543,,
delta_pos,simple_geometry,regression,random_forest,4,-0.15796126604436123,0.19030917908444125,0.005866584921797581,,
delta_pos,simple_geometry,regression,ridge,4,-0.09596934067292562,0.1890580605619613,-0.133323566039118,,
delta_pos,simple_geometry,regression,random_forest,5,-0.04888069686054375,0.18500847030071316,-0.0023390857223449892,,
delta_pos,simple_geometry,regression,ridge,5,-1.5609082794441562,0.20787065071979505,-0.05115545212241424,,
delta_pos,simple_geometry,regression,random_forest,6,-0.12810322477754732,0.19179859182299472,-0.045847393803799416,,
delta_pos,simple_geometry,regression,ridge,6,-1.611524499259223,0.2188910480963637,-0.24195578796706918,,
delta_pos,simple_geometry,regression,random_forest,7,-0.13601556036498597,0.19329241187267276,-0.08555372888121628,,
delta_pos,simple_geometry,regression,ridge,7,-0.28967064275588283,0.19505486264874336,-0.08509379419935423,,
delta_pos,simple_geometry,regression,random_forest,8,-0.01753786806340729,0.18245838006382908,0.09190940298479656,,
delta_pos,simple_geometry,regression,ridge,8,-0.044245614057748295,0.1803276442786774,-0.04092571409251505,,
delta_pos,simple_geometry,regression,random_forest,9,-0.09127080638244056,0.1871317316636611,-0.0033663421570745275,,
delta_pos,simple_geometry,regression,ridge,9,-0.1305801831324216,0.1904169768023585,-0.13725114530916302,,
delta_pos,simple_geometry,classification,logistic,0,,,,0.38068896152879056,0.4336183052552175
delta_pos,simple_geometry,classification,random_forest,0,,,,0.3853826167127651,0.40478585198223116
delta_pos,simple_geometry,classification,logistic,1,,,,0.39225546894644203,0.4189506328052971
delta_pos,simple_geometry,classification,random_forest,1,,,,0.42377001089598526,0.4343307350599279
delta_pos,simple_geometry,classification,logistic,2,,,,0.4054982817869416,0.4311457547565166
delta_pos,simple_geometry,classification,random_forest,2,,,,0.4396110971418992,0.44137121783588973
delta_pos,simple_geometry,classification,logistic,3,,,,0.3990445059089766,0.4637498952309111
delta_pos,simple_geometry,classification,random_forest,3,,,,0.43743190009219685,0.45385969323610764
delta_pos,simple_geometry,classification,logistic,4,,,,0.43005615623166543,0.4414550331070321
delta_pos,simple_geometry,classification,random_forest,4,,,,0.4404492498533233,0.45385969323610764
delta_pos,simple_geometry,classification,logistic,5,,,,0.40843181627692565,0.4569189506328053
delta_pos,simple_geometry,classification,random_forest,5,,,,0.3915849467773029,0.3863464923309027
delta_pos,simple_geometry,classification,logistic,6,,,,0.4757354790042746,0.48705054060849884
delta_pos,simple_geometry,classification,random_forest,6,,,,0.4027323778392423,0.4224289665577068
delta_pos,simple_geometry,classification,logistic,7,,,,0.42913418824909894,0.45930768586036375
delta_pos,simple_geometry,classification,random_forest,7,,,,0.3771687201408096,0.39229737658201325
delta_pos,simple_geometry,classification,logistic,8,,,,0.4302237867739503,0.445813427206437
delta_pos,simple_geometry,classification,random_forest,8,,,,0.4259492079456877,0.43215153801022543
delta_pos,simple_geometry,classification,logistic,9,,,,0.4796747967479674,0.49379766993546226
delta_pos,simple_geometry,classification,random_forest,9,,,,0.43508507250020956,0.46198977453692064
delta_pos,trajectory_profiles,regression,random_forest,0,-0.12092902221475588,0.18668236657975884,-0.191811976422176,,
delta_pos,trajectory_profiles,regression,ridge,0,-0.15854023765552894,0.2076314478203805,-0.007518186889661507,,
delta_pos,trajectory_profiles,regression,random_forest,1,-0.03599571688110226,0.1835936296319051,-0.11478342797285085,,
delta_pos,trajectory_profiles,regression,ridge,1,-0.13431252919323255,0.21327251682206477,-0.027293576689225357,,
delta_pos,trajectory_profiles,regression,random_forest,2,-0.055906163562649214,0.17905303572968675,-0.06548861762093286,,
delta_pos,trajectory_profiles,regression,ridge,2,-0.11117243628833662,0.2123152535535442,0.03670511599601044,,
delta_pos,trajectory_profiles,regression,random_forest,3,-0.055396915424686055,0.18710638879087005,-0.08939054004827302,,
delta_pos,trajectory_profiles,regression,ridge,3,-0.1815760522260097,0.2178300428314977,0.007652299352541092,,
delta_pos,trajectory_profiles,regression,random_forest,4,-0.06234564523393349,0.185610907507135,-0.12372223256871982,,
delta_pos,trajectory_profiles,regression,ridge,4,-0.13734492164721912,0.21184928823788174,0.04116576413111465,,
delta_pos,trajectory_profiles,regression,random_forest,5,-0.07048172647280881,0.184430076397469,-0.07369878436564531,,
delta_pos,trajectory_profiles,regression,ridge,5,-0.254695754340754,0.2172316024964259,-0.03712886629889047,,
delta_pos,trajectory_profiles,regression,random_forest,6,-0.1449310110742077,0.18841780645658018,-0.269611921593827,,
delta_pos,trajectory_profiles,regression,ridge,6,-0.20935578287793533,0.21508240970448636,-0.06654232149800239,,
delta_pos,trajectory_profiles,regression,random_forest,7,-0.06559932397052926,0.18917642040474983,-0.18867554533251302,,
delta_pos,trajectory_profiles,regression,ridge,7,-0.09077988465132925,0.21114075888605327,-0.003351684576503271,,
delta_pos,trajectory_profiles,regression,random_forest,8,0.015568904252558302,0.17735007736146755,-0.005836151059223775,,
delta_pos,trajectory_profiles,regression,ridge,8,-0.0838631507235783,0.20794138482243832,0.012008136907411687,,
delta_pos,trajectory_profiles,regression,random_forest,9,-0.051261507912944815,0.1838789231719268,-0.09454483162397698,,
delta_pos,trajectory_profiles,regression,ridge,9,-0.14007375819644885,0.21120955286152346,0.02518046015225709,,
delta_pos,trajectory_profiles,classification,logistic,0,,,,0.36929008465342383,0.4061688039560808
delta_pos,trajectory_profiles,classification,random_forest,0,,,,0.4044086832620904,0.4346240885089263
delta_pos,trajectory_profiles,classification,logistic,1,,,,0.38865141228731875,0.43521079540692315
delta_pos,trajectory_profiles,classification,random_forest,1,,,,0.4257815774034029,0.4712094543625849
delta_pos,trajectory_profiles,classification,logistic,2,,,,0.43089430894308944,0.4422512781828849
delta_pos,trajectory_profiles,classification,random_forest,2,,,,0.48889447657363166,0.4901517056407677
delta_pos,trajectory_profiles,classification,logistic,3,,,,0.3709663900762719,0.4264940072081133
delta_pos,trajectory_profiles,classification,random_forest,3,,,,0.40742603302321684,0.4365099321096304
delta_pos,trajectory_profiles,classification,logistic,4,,,,0.40248093202581514,0.44660967228228987
delta_pos,trajectory_profiles,classification,random_forest,4,,,,0.43374402816193114,0.44137121783588973
delta_pos,trajectory_profiles,classification,logistic,5,,,,0.3882323359316067,0.4349174419579247
delta_pos,trajectory_profiles,classification,random_forest,5,,,,0.4880563238622077,0.49777889531472636
delta_pos,trajectory_profiles,classification,logistic,6,,,,0.4096052300729192,0.43382784343307346
delta_pos,trajectory_profiles,classification,random_forest,6,,,,0.4157237448663146,0.45356633978710925
delta_pos,trajectory_profiles,classification,logistic,7,,,,0.3811918531556449,0.40130751822982147
delta_pos,trajectory_profiles,classification,random_forest,7,,,,0.4563741513703797,0.48964881401391336
delta_pos,trajectory_profiles,classification,logistic,8,,,,0.3464085156315481,0.37067303662727347
delta_pos,trajectory_profiles,classification,random_forest,8,,,,0.3912496856927332,0.44464001341044335
delta_pos,trajectory_profiles,classification,logistic,9,,,,0.39644623250356215,0.42678736065711176
delta_pos,trajectory_profiles,classification,random_forest,9,,,,0.49526443718045426,0.5140390579163523
delta_pos,published_plus_profiles,regression,random_forest,0,-0.13912386969175472,0.18641860945039962,-0.23147486037930473,,
delta_pos,published_plus_profiles,regression,ridge,0,-0.1204584847582113,0.20691822559006184,0.06274096572243228,,
delta_pos,published_plus_profiles,regression,random_forest,1,-0.03981406186503955,0.18225323543390026,-0.09899925590102439,,
delta_pos,published_plus_profiles,regression,ridge,1,-0.08369336826811025,0.2082503130539496,0.07940584797957885,,
delta_pos,published_plus_profiles,regression,random_forest,2,-0.06286657598319034,0.17948271975650848,-0.0901952155057,,
delta_pos,published_plus_profiles,regression,ridge,2,-0.19553472031851782,0.22155842649101914,0.08401976750083115,,
delta_pos,published_plus_profiles,regression,random_forest,3,-0.11439556548374985,0.19028953746892513,-0.11505954202260438,,
delta_pos,published_plus_profiles,regression,ridge,3,-0.17609328205909303,0.2139494241555825,0.07122836873038324,,
delta_pos,published_plus_profiles,regression,random_forest,4,-0.07749375117600521,0.18374039824620736,-0.11688699916634614,,
delta_pos,published_plus_profiles,regression,ridge,4,-0.1390101702027815,0.2119186593827123,0.11340842879924266,,
delta_pos,published_plus_profiles,regression,random_forest,5,-0.050652447332863115,0.17966891386486838,-0.004960472030922708,,
delta_pos,published_plus_profiles,regression,ridge,5,-0.21701480194439493,0.2156093779584842,0.05583586437736316,,
delta_pos,published_plus_profiles,regression,random_forest,6,-0.1715400517958925,0.19034048736740297,-0.22801673702419664,,
delta_pos,published_plus_profiles,regression,ridge,6,-0.2661490408664804,0.21992395410879662,0.04830528053735145,,
delta_pos,published_plus_profiles,regression,random_forest,7,-0.11131042882046605,0.19036066980464494,-0.1818329352219823,,
delta_pos,published_plus_profiles,regression,ridge,7,-0.14097077068779296,0.21484095435895784,0.047901816153226306,,
delta_pos,published_plus_profiles,regression,random_forest,8,-0.01357228494340279,0.18033847692761557,-0.03796003616529685,,
delta_pos,published_plus_profiles,regression,ridge,8,-0.12271978491340185,0.2193207574699056,0.04883947639789702,,
delta_pos,published_plus_profiles,regression,random_forest,9,-0.028211008371284763,0.1802741390778368,-0.06460788835524785,,
delta_pos,published_plus_profiles,regression,ridge,9,-0.16834546541876927,0.21503355480244257,0.07410333421614647,,
delta_pos,published_plus_profiles,classification,logistic,0,,,,0.4332411365350767,0.4492917609588467
delta_pos,published_plus_profiles,classification,random_forest,0,,,,0.37700108959852485,0.4489984075098483
delta_pos,published_plus_profiles,classification,logistic,1,,,,0.4733886514122873,0.4967731120610175
delta_pos,published_plus_profiles,classification,random_forest,1,,,,0.4314810158410862,0.48231497778895316
delta_pos,published_plus_profiles,classification,logistic,2,,,,0.5202413879808901,0.5146257648143492
delta_pos,published_plus_profiles,classification,random_forest,2,,,,0.47305339032771776,0.48935546056491497
delta_pos,published_plus_profiles,classification,logistic,3,,,,0.44816025479842425,0.4983656022127232
delta_pos,published_plus_profiles,classification,random_forest,3,,,,0.41161679658033695,0.43948537423518563
delta_pos,published_plus_profiles,classification,logistic,4,,,,0.4825245159668091,0.4891459223870589
delta_pos,published_plus_profiles,classification,random_forest,4,,,,0.4163104517643115,0.43730617718548315
delta_pos,published_plus_profiles,classification,logistic,5,,,,0.4888944765736318,0.4761545553599866
delta_pos,published_plus_profiles,classification,random_forest,5,,,,0.4813511021708155,0.51919369709161
delta_pos,published_plus_profiles,classification,logistic,6,,,,0.49350431648646387,0.47883664403654347
delta_pos,published_plus_profiles,classification,random_forest,6,,,,0.429134188249099,0.43106193948537425
delta_pos,published_plus_profiles,classification,logistic,7,,,,0.4590562400469366,0.4536501550582516
delta_pos,published_plus_profiles,classification,random_forest,7,,,,0.4488307769675635,0.49698265023887356
delta_pos,published_plus_profiles,classification,logistic,8,,,,0.4624088508926327,0.46664152208532395
delta_pos,published_plus_profiles,classification,random_forest,8,,,,0.3902439024390244,0.4118263347581929
delta_pos,published_plus_profiles,classification,logistic,9,,,,0.48386556030508754,0.4574218422596597
delta_pos,published_plus_profiles,classification,random_forest,9,,,,0.49249853323275505,0.5129494593915012
delta_bvse,published_litraj,regression,random_forest,0,0.01181573261603086,0.137362006953622,0.23909756810902028,,
delta_bvse,published_litraj,regression,ridge,0,-0.04220024743226114,0.14801985582206495,0.029738029899190253,,
delta_bvse,published_litraj,regression,random_forest,1,-0.08156248710440317,0.1432346505810904,0.10450198957378395,,
delta_bvse,published_litraj,regression,ridge,1,-0.08627349933034045,0.1489445049556693,-0.046618168294235984,,
delta_bvse,published_litraj,regression,random_forest,2,-0.04163673470868856,0.14399735973382022,0.09557385986646115,,
delta_bvse,published_litraj,regression,ridge,2,-0.11236548520399925,0.15189512957636217,-0.06673278373520114,,
delta_bvse,published_litraj,regression,random_forest,3,-0.034514839237556494,0.1422884754656122,0.10401281395683497,,
delta_bvse,published_litraj,regression,ridge,3,-0.09014772301782625,0.15055796813920447,-0.027108749429458533,,
delta_bvse,published_litraj,regression,random_forest,4,-0.04359211313490885,0.14062644206153027,0.11552740816188575,,
delta_bvse,published_litraj,regression,ridge,4,-0.11222386467105983,0.1512506880133946,-0.05550790869082569,,
delta_bvse,published_litraj,regression,random_forest,5,-0.025401267278084783,0.14115317461948726,0.1285081677752719,,
delta_bvse,published_litraj,regression,ridge,5,-0.05216724404928219,0.1472358716477087,-0.0035849726421845677,,
delta_bvse,published_litraj,regression,random_forest,6,-0.061819195835304486,0.14561978040921172,0.04979919723982915,,
delta_bvse,published_litraj,regression,ridge,6,-0.08498285496613689,0.1495635164216325,-0.038333624473833976,,
delta_bvse,published_litraj,regression,random_forest,7,-0.033136198967142594,0.14442783703578194,0.09613006000711348,,
delta_bvse,published_litraj,regression,ridge,7,-0.058711965768697416,0.14874142054606018,-0.043804060564737436,,
delta_bvse,published_litraj,regression,random_forest,8,0.015408482753693997,0.13966649224163727,0.18305024575598108,,
delta_bvse,published_litraj,regression,ridge,8,-0.10590919663586429,0.15133116871550908,-0.04354597859835571,,
delta_bvse,published_litraj,regression,random_forest,9,-0.044625524080393886,0.13986794301526498,0.1610715488181512,,
delta_bvse,published_litraj,regression,ridge,9,-0.07776596538074654,0.14890415506480262,-0.008440069197522864,,
delta_bvse,published_litraj,classification,logistic,0,,,,0.4493713408196564,0.4684230732315961
delta_bvse,published_litraj,classification,random_forest,0,,,,0.5114694308474902,0.4822439773490738
delta_bvse,published_litraj,classification,logistic,1,,,,0.49006622516556286,0.4626163739322392
delta_bvse,published_litraj,classification,random_forest,1,,,,0.524714463960073,0.5230348401957962
delta_bvse,published_litraj,classification,logistic,2,,,,0.5001439677512237,0.5019675592667243
delta_bvse,published_litraj,classification,random_forest,2,,,,0.507918226317305,0.4874268163931279
delta_bvse,published_litraj,classification,logistic,3,,,,0.4488914483155773,0.4506190613302621
delta_bvse,published_litraj,classification,random_forest,3,,,,0.5109895383434111,0.505230828294462
delta_bvse,published_litraj,classification,logistic,4,,,,0.4780689125635858,0.48042038583357327
delta_bvse,published_litraj,classification,random_forest,4,,,,0.5431423361167098,0.5058546885497649
delta_bvse,published_litraj,classification,logistic,5,,,,0.5119493233515692,0.5011517420097897
delta_bvse,published_litraj,classification,random_forest,5,,,,0.5526442076974758,0.5329686150302333
delta_bvse,published_litraj,classification,logistic,6,,,,0.4532104808522891,0.44855552356272194
delta_bvse,published_litraj,classification,random_forest,6,,,,0.484787407620693,0.4729340627699395
delta_bvse,published_litraj,classification,logistic,7,,,,0.49956809674632885,0.49740858047797293
delta_bvse,published_litraj,classification,random_forest,7,,,,0.48267588060274497,0.47024666474709664
delta_bvse,published_litraj,classification,logistic,8,,,,0.49611287071695936,0.4961608599673673
delta_bvse,published_litraj,classification,random_forest,8,,,,0.5455417986371053,0.5184758614070448
delta_bvse,published_litraj,classification,logistic,9,,,,0.513676936366254,0.512093291102793
delta_bvse,published_litraj,classification,random_forest,9,,,,0.575583069392456,0.5501487666762646
delta_bvse,simple_geometry,regression,random_forest,0,-0.0758671297738247,0.15058430300177275,0.06607138630917041,,
delta_bvse,simple_geometry,regression,ridge,0,-0.039734990193083464,0.14760142719561153,0.09823343457509452,,
delta_bvse,simple_geometry,regression,random_forest,1,-0.1928292496912003,0.15813339402526766,-0.04780945640441482,,
delta_bvse,simple_geometry,regression,ridge,1,-0.09605255692194814,0.15063260074372276,-0.042927258076331395,,
delta_bvse,simple_geometry,regression,random_forest,2,-0.175646588648533,0.1587256557074551,-0.10850950170972297,,
delta_bvse,simple_geometry,regression,ridge,2,-0.1408190956458959,0.1546968568722889,-0.08407611727515031,,
delta_bvse,simple_geometry,regression,random_forest,3,-0.12343763051037016,0.15484676099892644,-0.05537335754139161,,
delta_bvse,simple_geometry,regression,ridge,3,-0.07479838732119215,0.1497592792487047,-0.002559406749575968,,
delta_bvse,simple_geometry,regression,random_forest,4,-0.10532920757857878,0.1499686422728094,0.0014910162887618141,,
delta_bvse,simple_geometry,regression,ridge,4,-0.10862650729507228,0.15232844972659557,-0.0034317012560364695,,
delta_bvse,simple_geometry,regression,random_forest,5,-0.08008592895868705,0.14917339740327412,0.05719738773212134,,
delta_bvse,simple_geometry,regression,ridge,5,-0.0428081208222737,0.14729346797634224,0.06211773721846244,,
delta_bvse,simple_geometry,regression,random_forest,6,-0.15217013669561696,0.15483522521612472,-0.03329266746508953,,
delta_bvse,simple_geometry,regression,ridge,6,-0.07824769270368925,0.1498446366578434,0.02616207322089675,,
delta_bvse,simple_geometry,regression,random_forest,7,-0.15143860966360112,0.1569227501557542,-0.016555042176557507,,
delta_bvse,simple_geometry,regression,ridge,7,-0.12322619084033604,0.15607100865746804,-0.01484816553309704,,
delta_bvse,simple_geometry,regression,random_forest,8,-0.11691963777385328,0.1553805954324301,-0.03011734025019466,,
delta_bvse,simple_geometry,regression,ridge,8,-0.15127086895450859,0.15502436135237824,-0.03419417005234894,,
delta_bvse,simple_geometry,regression,random_forest,9,-0.13142799062294075,0.1530509162293071,-0.03629890571347001,,
delta_bvse,simple_geometry,regression,ridge,9,-0.05452928351570607,0.14733945658076786,0.062444565909513534,,
delta_bvse,simple_geometry,classification,logistic,0,,,,0.40819656396967074,0.4203858335732796
delta_bvse,simple_geometry,classification,random_forest,0,,,,0.40349361742969575,0.4503791150782225
delta_bvse,simple_geometry,classification,logistic,1,,,,0.41827430655533154,0.44087724349745655
delta_bvse,simple_geometry,classification,random_forest,1,,,,0.4241289951050965,0.43794989922257416
delta_bvse,simple_geometry,classification,logistic,2,,,,0.3563681735291295,0.4369421249640081
delta_bvse,simple_geometry,classification,random_forest,2,,,,0.35540838852097134,0.41995393031960837
delta_bvse,simple_geometry,classification,logistic,3,,,,0.42777617813609753,0.49635281696899897
delta_bvse,simple_geometry,classification,random_forest,3,,,,0.4060850369517228,0.4578174488914483
delta_bvse,simple_geometry,classification,logistic,4,,,,0.41913811306267396,0.45330645935310493
delta_bvse,simple_geometry,classification,random_forest,4,,,,0.4384297917266532,0.4536903733563682
delta_bvse,simple_geometry,classification,logistic,5,,,,0.4340147806891257,0.44356464152029945
delta_bvse,simple_geometry,classification,random_forest,5,,,,0.4527785775986179,0.4787407620692965
delta_bvse,simple_geometry,classification,logistic,6,,,,0.41069200499088204,0.4203858335732796
delta_bvse,simple_geometry,classification,random_forest,6,,,,0.39931855264420774,0.4325751031768884
delta_bvse,simple_geometry,classification,logistic,7,,,,0.36759765812458006,0.3748440349361743
delta_bvse,simple_geometry,classification,random_forest,7,,,,0.41309146751127745,0.4536903733563682
delta_bvse,simple_geometry,classification,logistic,8,,,,0.4611766964200019,0.4889144831557731
delta_bvse,simple_geometry,classification,random_forest,8,,,,0.4613686534216335,0.47418178328054517
delta_bvse,simple_geometry,classification,logistic,9,,,,0.4647279009501871,0.471110471254439
delta_bvse,simple_geometry,classification,random_forest,9,,,,0.49668874172185434,0.4934254726941165
delta_bvse,trajectory_profiles,regression,random_forest,0,-0.06013509623984348,0.1458490189608328,0.046742137797738115,,
delta_bvse,trajectory_profiles,regression,ridge,0,-0.1601347748411177,0.15695290767509976,-0.01240145833215938,,
delta_bvse,trajectory_profiles,regression,random_forest,1,-0.19586362840258098,0.15263986532855092,-0.009700050151299143,,
delta_bvse,trajectory_profiles,regression,ridge,1,-0.3189465119208974,0.16583935659590607,-0.17442283743653608,,
delta_bvse,trajectory_profiles,regression,random_forest,2,-0.13690885780078688,0.15099530673612516,-0.02673345993249297,,
delta_bvse,trajectory_profiles,regression,ridge,2,-0.40331068711689455,0.17129262749600438,-0.24449941677983578,,
delta_bvse,trajectory_profiles,regression,random_forest,3,-0.09415565518351343,0.14751931287289557,0.06218422995215904,,
delta_bvse,trajectory_profiles,regression,ridge,3,-0.26381732559737103,0.16471601643147812,-0.15474436924880114,,
delta_bvse,trajectory_profiles,regression,random_forest,4,-0.07226778618186569,0.14666426454825654,0.05755565948958374,,
delta_bvse,trajectory_profiles,regression,ridge,4,-0.2634973111978036,0.1635900391172982,-0.08457086829367248,,
delta_bvse,trajectory_profiles,regression,random_forest,5,-0.09059482082785153,0.14903911402507974,0.0015901906312865215,,
delta_bvse,trajectory_profiles,regression,ridge,5,-0.21497561526857556,0.1625172271924803,-0.13202752122977748,,
delta_bvse,trajectory_profiles,regression,random_forest,6,-0.1363529402427479,0.1506760231744109,-0.01648118199286612,,
delta_bvse,trajectory_profiles,regression,ridge,6,-0.24303090717522124,0.16321443878312691,-0.18146768622191667,,
delta_bvse,trajectory_profiles,regression,random_forest,7,-0.1247916989411022,0.151695532544241,-0.08226278153755993,,
delta_bvse,trajectory_profiles,regression,ridge,7,-0.22439598646199244,0.16283135955848066,-0.1895042910353144,,
delta_bvse,trajectory_profiles,regression,random_forest,8,-0.10928429907411918,0.14797985646284195,-0.009569318674878707,,
delta_bvse,trajectory_profiles,regression,ridge,8,-0.3087031700817289,0.16562517778718674,-0.15654756202701406,,
delta_bvse,trajectory_profiles,regression,random_forest,9,-0.09747733480304843,0.14891951475136447,0.026911525219341495,,
delta_bvse,trajectory_profiles,regression,ridge,9,-0.26135740482940495,0.1605086637490169,-0.06666403701053177,,
delta_bvse,trajectory_profiles,classification,logistic,0,,,,0.4967847202226701,0.5497648526730012
delta_bvse,trajectory_profiles,classification,random_forest,0,,,,0.5276897974853634,0.4770611383050196
delta_bvse,trajectory_profiles,classification,logistic,1,,,,0.4688549764852673,0.5087820328246473
delta_bvse,trajectory_profiles,classification,random_forest,1,,,,0.5427584221134466,0.5066705058066993
delta_bvse,trajectory_profiles,classification,logistic,2,,,,0.45810538439389575,0.4870429023898647
delta_bvse,trajectory_profiles,classification,random_forest,2,,,,0.5017756022650927,0.4828678376043766
delta_bvse,trajectory_profiles,classification,logistic,3,,,,0.4519627603416835,0.47379786927728185
delta_bvse,trajectory_profiles,classification,random_forest,3,,,,0.5626259717823208,0.5422785296093675
delta_bvse,trajectory_profiles,classification,logistic,4,,,,0.5033112582781457,0.5060946348018044
delta_bvse,trajectory_profiles,classification,random_forest,4,,,,0.5683846818312698,0.5317208945196277
delta_bvse,trajectory_profiles,classification,logistic,5,,,,0.5020635377675401,0.4949131394567617
delta_bvse,trajectory_profiles,classification,random_forest,5,,,,0.5437182071216047,0.527785775986179
delta_bvse,trajectory_profiles,classification,logistic,6,,,,0.45071503983107786,0.48829062290047026
delta_bvse,trajectory_profiles,classification,random_forest,6,,,,0.5107975813417793,0.4776849985603225
delta_bvse,trajectory_profiles,classification,logistic,7,,,,0.5001439677512236,0.5046549572895671
delta_bvse,trajectory_profiles,classification,random_forest,7,,,,0.48958633266148377,0.4729340627699395
delta_bvse,trajectory_profiles,classification,logistic,8,,,,0.4844994721182455,0.47979652557827046
delta_bvse,trajectory_profiles,classification,random_forest,8,,,,0.5560994337268452,0.5509645839331989
delta_bvse,trajectory_profiles,classification,logistic,9,,,,0.5414147231020251,0.5259621844706786
delta_bvse,trajectory_profiles,classification,random_forest,9,,,,0.6059122756502543,0.5654573375563874
delta_bvse,published_plus_profiles,regression,random_forest,0,-0.03670490248953473,0.14316152190802306,0.10537633196779048,,
delta_bvse,published_plus_profiles,regression,ridge,0,-0.21306709044209882,0.1603161547072768,0.004846080591447231,,
delta_bvse,published_plus_profiles,regression,random_forest,1,-0.19101568037991368,0.15149558873985453,0.008820993671920343,,
delta_bvse,published_plus_profiles,regression,ridge,1,-0.37457413260091443,0.1670009123709705,-0.12241988470836175,,
delta_bvse,published_plus_profiles,regression,random_forest,2,-0.12610264613227784,0.14867061896705105,0.02449186591007703,,
delta_bvse,published_plus_profiles,regression,ridge,2,-0.49176844070060466,0.17685098937545776,-0.1892935428793608,,
delta_bvse,published_plus_profiles,regression,random_forest,3,-0.08922580643042388,0.14760295373137203,0.025530955748522224,,
delta_bvse,published_plus_profiles,regression,ridge,3,-0.3830443272933701,0.17301497486516956,-0.15080777401486506,,
delta_bvse,published_plus_profiles,regression,random_forest,4,-0.07654805119702468,0.1470923358776804,0.02198655494384745,,
delta_bvse,published_plus_profiles,regression,ridge,4,-0.30624881499019874,0.1663290545008019,-0.05064943114902824,,
delta_bvse,published_plus_profiles,regression,random_forest,5,-0.07026944931933543,0.14628140455127173,0.05558454438389974,,
delta_bvse,published_plus_profiles,regression,ridge,5,-0.2513294502297603,0.16323113352163993,-0.06394797788834855,,
delta_bvse,published_plus_profiles,regression,random_forest,6,-0.13537682970731613,0.15163024575653014,-0.05070690791883379,,
delta_bvse,published_plus_profiles,regression,ridge,6,-0.278415535278546,0.165519056418227,-0.13488107380129943,,
delta_bvse,published_plus_profiles,regression,random_forest,7,-0.10105909166093285,0.14973458930650058,-0.05222384384350541,,
delta_bvse,published_plus_profiles,regression,ridge,7,-0.32457961730215357,0.16778848929211265,-0.18267019040588742,,
delta_bvse,published_plus_profiles,regression,random_forest,8,-0.08323038644299974,0.14428620326002634,0.061123727199472566,,
delta_bvse,published_plus_profiles,regression,ridge,8,-0.4511475638176192,0.17431607725733186,-0.12652778325622804,,
delta_bvse,published_plus_profiles,regression,random_forest,9,-0.088108492458151,0.14639494087013324,0.05944563092024816,,
delta_bvse,published_plus_profiles,regression,ridge,9,-0.32998411327605126,0.16619591294358507,-0.06112034621301341,,
delta_bvse,published_plus_profiles,classification,logistic,0,,,,0.4743257510317689,0.5141568288703331
delta_bvse,published_plus_profiles,classification,random_forest,0,,,,0.5170361838948075,0.48699491313945675
delta_bvse,published_plus_profiles,classification,logistic,1,,,,0.4694308474901621,0.5002879355024474
delta_bvse,published_plus_profiles,classification,random_forest,1,,,,0.5366157980612343,0.5284096362414819
delta_bvse,published_plus_profiles,classification,logistic,2,,,,0.4450523082829446,0.4321911891736251
delta_bvse,published_plus_profiles,classification,random_forest,2,,,,0.5025434302716192,0.48555523562721953
delta_bvse,published_plus_profiles,classification,logistic,3,,,,0.42528073711488623,0.45143487858719644
delta_bvse,published_plus_profiles,classification,random_forest,3,,,,0.5569632402341875,0.5344082925424705
delta_bvse,published_plus_profiles,classification,logistic,4,,,,0.4988962472406181,0.5114694308474901
delta_bvse,published_plus_profiles,classification,random_forest,4,,,,0.5857567904789326,0.5515884441885017
delta_bvse,published_plus_profiles,classification,logistic,5,,,,0.4962088492177752,0.5133410116133986
delta_bvse,published_plus_profiles,classification,random_forest,5,,,,0.5737594778769555,0.5476533256550533
delta_bvse,published_plus_profiles,classification,logistic,6,,,,0.45944908340531726,0.47648526730012475
delta_bvse,published_plus_profiles,classification,random_forest,6,,,,0.4888185046549573,0.47830885881562535
delta_bvse,published_plus_profiles,classification,logistic,7,,,,0.4711584605048469,0.46304827718591035
delta_bvse,published_plus_profiles,classification,random_forest,7,,,,0.4670313849697668,0.47024666474709664
delta_bvse,published_plus_profiles,classification,logistic,8,,,,0.48920241865822056,0.512093291102793
delta_bvse,published_plus_profiles,classification,random_forest,8,,,,0.5671369613206642,0.5727037143679816
delta_bvse,published_plus_profiles,classification,logistic,9,,,,0.5348881850465497,0.5114694308474901
delta_bvse,published_plus_profiles,classification,random_forest,9,,,,0.6114790286975716,0.5859487474805644
