family,outcome,feature,n,spearman_rho,p_value,bootstrap_ci_low,bootstrap_ci_high,fdr_p_value
confirmatory_published,delta_bvse,litraj_edge_length,220,-0.13014994674946323,0.05389924388510352,-0.27182022358789715,0.0166920521772801,0.2694962194255176
confirmatory_published,delta_bvse,litraj_max_weighted_mean_oxidation,185,-0.07688108866229483,0.29827085481239607,-0.2345241873118079,0.08119575683572672,0.7456771370309901
confirmatory_published,delta_bvse,litraj_max_volume,220,-0.04921476589486258,0.46768262988788556,-0.1850713571761549,0.08788707414103493,0.7794710498131426
confirmatory_published,delta_bvse,litraj_min_volume,220,0.01666375526166018,0.8058583637006024,-0.12954609693501573,0.15508378425542965,0.8058583637006024
confirmatory_published,delta_bvse,litraj_min_mean_covalent_radius,220,-0.018447714201861424,0.7855541891459231,-0.1503729754347369,0.1146377781112191,0.8058583637006024
confirmatory_published,delta_pos,litraj_min_volume,220,-0.08364222401289284,0.216564988666359,-0.2335365276754977,0.06299171616217085,0.5414124716658976
confirmatory_published,delta_pos,litraj_min_mean_covalent_radius,220,0.10211243997240746,0.13107058388404128,-0.034864700857662634,0.23667542708642406,0.5414124716658976
confirmatory_published,delta_pos,litraj_edge_length,220,0.04603889261423508,0.4969241333056934,-0.1095903521165055,0.19769528534445643,0.8282068888428223
confirmatory_published,delta_pos,litraj_max_weighted_mean_oxidation,185,-0.005503961184185589,0.9407278157431148,-0.16265196953487515,0.15379484222256687,0.9407278157431149
confirmatory_published,delta_pos,litraj_max_volume,220,-0.010302992736514091,0.8792251510202429,-0.14506496419642181,0.12665824464456915,0.9407278157431149
exploratory_profile,delta_bvse,dft_profile_effective_cn_range,220,-0.1804083104647166,0.007303228536912995,-0.31849667859129605,-0.042546928951773,0.35055496977182377
exploratory_profile,delta_bvse,dft_profile_volume_s_min,220,-0.0745222730622039,0.2710802841942539,-0.20371026733899547,0.05355203519910536,0.856994152318399
exploratory_profile,delta_bvse,dft_profile_volume_s_max,220,0.08842403831026728,0.19133845791635093,-0.04936943006950112,0.22455672880886174,0.856994152318399
exploratory_profile,delta_bvse,dft_profile_volume_asymmetry,220,-0.07545347480883338,0.2651206194647393,-0.20767669142041215,0.05993612748363631,0.856994152318399
exploratory_profile,delta_bvse,dft_profile_effective_cn_min,220,0.06722528076275056,0.32092682745682044,-0.07239340726802862,0.19937621654398371,0.856994152318399
exploratory_profile,delta_bvse,dft_profile_effective_cn_asymmetry,220,-0.0931461769495613,0.16860333240261036,-0.21554655224730068,0.03261913498740717,0.856994152318399
exploratory_profile,delta_bvse,dft_profile_mean_rc_range,220,0.07680634547619432,0.256623061059437,-0.05564083516371804,0.2119167129765135,0.856994152318399
exploratory_profile,delta_bvse,dft_profile_mean_rc_asymmetry,220,-0.06813196782765349,0.3144285821448839,-0.1941177929175324,0.0627387898454391,0.856994152318399
exploratory_profile,delta_bvse,dft_profile_weighted_mean_oxi_min,200,-0.08660018828948784,0.22272005128056194,-0.22557034846330717,0.047897177515868035,0.856994152318399
exploratory_profile,delta_bvse,dft_profile_weighted_mean_oxi_max,200,-0.0821676774435447,0.24739501475195216,-0.2292534089151512,0.06455067842679135,0.856994152318399
exploratory_profile,delta_bvse,dft_profile_weighted_mean_oxi_s_max,200,-0.06307212639025299,0.3749349416392996,-0.19595552432078764,0.0750094573250152,0.856994152318399
exploratory_profile,delta_bvse,bvse_profile_volume_min,220,-0.08136907411685816,0.22935684075838042,-0.22575678398112065,0.06588192426785684,0.856994152318399
exploratory_profile,delta_bvse,bvse_profile_volume_max,220,-0.11891154775925122,0.07841707634169821,-0.25098129298376154,0.0183262360901115,0.856994152318399
exploratory_profile,delta_bvse,bvse_profile_volume_asymmetry,220,-0.060574880397604,0.37122892621445286,-0.18919898516530756,0.07124789294730689,0.856994152318399
exploratory_profile,delta_bvse,bvse_profile_effective_cn_range,220,-0.1278553839391873,0.05830782405509986,-0.2559337809366132,0.007909763033306781,0.856994152318399
exploratory_profile,delta_bvse,bvse_profile_effective_cn_asymmetry,220,-0.06106737742515341,0.3673452325808985,-0.18695820063218335,0.06540839370448852,0.856994152318399
exploratory_profile,delta_bvse,bvse_profile_mean_rc_range,220,0.06548162423608714,0.33366676979413074,-0.07023640161111364,0.1992174440801718,0.856994152318399
exploratory_profile,delta_bvse,bvse_profile_weighted_mean_oxi_min,220,-0.10536117742607518,0.11918672101579131,-0.23654603984348954,0.027686407331430022,0.856994152318399
exploratory_profile,delta_bvse,bvse_profile_weighted_mean_oxi_max,220,-0.0946727190098027,0.16170238565228556,-0.23275351254401275,0.051291131914079566,0.856994152318399
exploratory_profile,delta_bvse,bvse_profile_weighted_mean_oxi_s_min,220,0.09069385860659661,0.18014527933166566,-0.05101510816171338,0.2228420062552199,0.856994152318399
exploratory_profile,delta_bvse,bvse_profile_weighted_mean_oxi_asymmetry,220,0.06256798954373542,0.3556676118222314,-0.06662024543441274,0.18860905043460854,0.856994152318399
exploratory_profile,delta_bvse,bvse_profile_volume_range,220,-0.05579078455790784,0.4102586544261623,-0.1977383330483933,0.0883401335491608,0.895109791475263
exploratory_profile,delta_bvse,bvse_profile_effective_cn_max,220,-0.05194660295385517,0.44330681497018726,-0.18507847958034904,0.08151173332753281,0.9251620486334342
exploratory_profile,delta_bvse,dft_profile_weighted_mean_oxi_s_min,200,0.051530118508088904,0.46866080392255605,-0.09079325725267183,0.1953948887176889,0.9373216078451122
exploratory_profile,delta_bvse,dft_profile_effective_cn_s_max,220,0.030557289461629233,0.6521616946117774,-0.10792905148910811,0.17151517135669359,0.9782425419176661
exploratory_profile,delta_bvse,dft_profile_weighted_mean_oxi_asymmetry,200,0.0373194889664996,0.5998251577271025,-0.10308186545588661,0.18053845550747633,0.9782425419176661
exploratory_profile,delta_bvse,bvse_profile_volume_s_max,220,0.03372886596401853,0.6187860387878139,-0.10504112921749846,0.17237376177271999,0.9782425419176661
exploratory_profile,delta_bvse,bvse_profile_effective_cn_min,220,0.03629601663445338,0.592327288847115,-0.10258509137374701,0.17021043441516304,0.9782425419176661
exploratory_profile,delta_bvse,bvse_profile_effective_cn_s_min,220,0.034371429406299205,0.6121153196412122,-0.09228303531219494,0.15149111948284313,0.9782425419176661
exploratory_profile,delta_bvse,bvse_profile_mean_rc_s_max,220,-0.03976979490946254,0.5573694795014855,-0.17945788394516363,0.09788380071132809,0.9782425419176661
exploratory_profile,delta_bvse,bvse_profile_mean_rc_asymmetry,220,-0.037544174713652984,0.5796520060078998,-0.1650578506175913,0.09607976682445296,0.9782425419176661
exploratory_profile,delta_bvse,bvse_profile_weighted_mean_oxi_s_max,220,0.03155704291050478,0.6415619038723759,-0.10164515513480407,0.16814768831486665,0.9782425419176661
exploratory_profile,delta_bvse,dft_profile_volume_min,220,-0.01325121292889222,0.8450515143856976,-0.1518859880002786,0.12339323273504942,0.9923185782465475
exploratory_profile,delta_bvse,dft_profile_volume_max,220,-0.01922992398415444,0.7766960574700017,-0.15344030501232586,0.11718999301563102,0.9923185782465475
exploratory_profile,delta_bvse,dft_profile_volume_range,220,-0.0265182037945938,0.6956814539216302,-0.15826923345518842,0.10774171415901694,0.9923185782465475
exploratory_profile,delta_bvse,dft_profile_effective_cn_max,220,-0.016564579658858467,0.8069910937142741,-0.15164436662307165,0.12362636150774464,0.9923185782465475
exploratory_profile,delta_bvse,dft_profile_effective_cn_s_min,220,0.01288561755093404,0.8492748868121665,-0.11133280158127856,0.14088727064910378,0.9923185782465475
exploratory_profile,delta_bvse,dft_profile_mean_rc_min,220,0.002410160657130344,0.9716452745330777,-0.13351793621204064,0.13614216373224106,0.9923185782465475
exploratory_profile,delta_bvse,dft_profile_mean_rc_max,220,0.020673809071999588,0.7604210799293317,-0.11728094393563604,0.16042238399052652,0.9923185782465475
exploratory_profile,delta_bvse,dft_profile_mean_rc_s_min,220,0.003804379389621962,0.9552567168919587,-0.12411836214671734,0.13298199172943206,0.9923185782465475
exploratory_profile,delta_bvse,dft_profile_mean_rc_s_max,220,-0.008368642977369238,0.9017728755397056,-0.13818378634326645,0.12901190885067007,0.9923185782465475
exploratory_profile,delta_bvse,dft_profile_weighted_mean_oxi_range,200,0.015963423030728275,0.8224801993858072,-0.12924817520847043,0.16495774404395225,0.9923185782465475
exploratory_profile,delta_bvse,bvse_profile_volume_s_min,220,0.010702368614237276,0.8745813092181011,-0.11352367003491717,0.13630894264360302,0.9923185782465475
exploratory_profile,delta_bvse,bvse_profile_effective_cn_s_max,220,0.012252105215847568,0.856603360818789,-0.1321893063104227,0.1572231504188811,0.9923185782465475
exploratory_profile,delta_bvse,bvse_profile_mean_rc_min,220,-0.004199367393938249,0.9506168834093268,-0.14024306255752375,0.12676176615421955,0.9923185782465475
exploratory_profile,delta_bvse,bvse_profile_mean_rc_max,220,-0.005238940367963809,0.9384136065700261,-0.13942666937468373,0.1341953709982448,0.9923185782465475
exploratory_profile,delta_bvse,bvse_profile_mean_rc_s_min,220,-0.012970886146205635,0.8482894717320336,-0.1426359701428958,0.11421378585079768,0.9923185782465475
exploratory_profile,delta_bvse,bvse_profile_weighted_mean_oxi_range,220,-0.00013242200695976785,0.9984417750374334,-0.1418868572658159,0.14034973522295752,0.9984417750374334
exploratory_profile,delta_pos,dft_profile_volume_range,220,-0.03981562353842773,0.5569150380091589,-0.18010146159904625,0.09795639554347868,0.8603364518813044
exploratory_profile,delta_pos,dft_profile_volume_s_max,220,0.046369335305671576,0.49383719488874495,-0.10168140970498485,0.18859154224379962,0.8603364518813044
exploratory_profile,delta_pos,dft_profile_volume_asymmetry,220,-0.04814524717828505,0.47742298031438596,-0.1863013524263313,0.08838306970428522,0.8603364518813044
exploratory_profile,delta_pos,dft_profile_effective_cn_min,220,0.04042645509204735,0.550875148550601,-0.09408902589048779,0.17162953283464719,0.8603364518813044
exploratory_profile,delta_pos,dft_profile_effective_cn_s_min,220,-0.10594098209717563,0.11715687709384226,-0.23419631613018413,0.020449262037241154,0.8603364518813044
exploratory_profile,delta_pos,dft_profile_effective_cn_s_max,220,-0.07281293410463319,0.2822557127161663,-0.21460089396508353,0.06571231231030543,0.8603364518813044
exploratory_profile,delta_pos,dft_profile_effective_cn_asymmetry,220,0.04337129429796633,0.5222137121542932,-0.09433212750564827,0.18102416571312346,0.8603364518813044
exploratory_profile,delta_pos,dft_profile_mean_rc_min,220,0.07470427355493463,0.2699083769718633,-0.06153410890247349,0.20430631233441343,0.8603364518813044
exploratory_profile,delta_pos,dft_profile_mean_rc_max,220,0.03295930801955016,0.626816340181373,-0.10679070484429383,0.16771988179684724,0.8603364518813044
exploratory_profile,delta_pos,dft_profile_mean_rc_range,220,-0.0828487692303669,0.2209708177824729,-0.2195433753615294,0.05524173078120922,0.8603364518813044
exploratory_profile,delta_pos,dft_profile_mean_rc_s_max,220,-0.0720697329780837,0.2872100949594576,-0.20460958752180308,0.055770966190599194,0.8603364518813044
exploratory_profile,delta_pos,dft_profile_mean_rc_asymmetry,220,0.031208204304054563,0.6452523389109782,-0.1051042445685816,0.16579572027284173,0.8603364518813044
exploratory_profile,delta_pos,dft_profile_weighted_mean_oxi_min,200,-0.03889249325367962,0.5845283153789951,-0.18334597392996752,0.10441045109817382,0.8603364518813044
exploratory_profile,delta_pos,dft_profile_weighted_mean_oxi_max,200,0.04201611342705309,0.5546986193664025,-0.10379180143316692,0.1827531414673673,0.8603364518813044
exploratory_profile,delta_pos,dft_profile_weighted_mean_oxi_range,200,0.06378769037386668,0.3695300173777719,-0.09262416211724342,0.21892975087563588,0.8603364518813044
exploratory_profile,delta_pos,dft_profile_weighted_mean_oxi_s_max,200,-0.11430950388218496,0.1070195927648859,-0.24937219217931772,0.018074988657043944,0.8603364518813044
exploratory_profile,delta_pos,dft_profile_weighted_mean_oxi_asymmetry,200,0.12227424026750466,0.08455303124681776,-0.011877612798287526,0.252107692515635,0.8603364518813044
exploratory_profile,delta_pos,bvse_profile_volume_min,220,-0.05743056299059522,0.39661612376225347,-0.20419267448828732,0.09670072083928233,0.8603364518813044
exploratory_profile,delta_pos,bvse_profile_volume_max,220,-0.032951094030868405,0.6269022923877885,-0.16500817918299718,0.09727267435516516,0.8603364518813044
exploratory_profile,delta_pos,bvse_profile_volume_range,220,0.09825935547128134,0.1463246357177098,-0.05576176514734654,0.2482335965473214,0.8603364518813044
exploratory_profile,delta_pos,bvse_profile_volume_s_min,220,0.052823773133358926,0.4356356351769399,-0.08290942798791517,0.18251651281464124,0.8603364518813044
exploratory_profile,delta_pos,bvse_profile_volume_asymmetry,220,0.043026433679133114,0.5255303852311536,-0.09915509624893454,0.1764328855137133,0.8603364518813044
exploratory_profile,delta_pos,bvse_profile_effective_cn_s_min,220,-0.08685541616846265,0.1993653839999959,-0.2149882942915276,0.03988333305019412,0.8603364518813044
exploratory_profile,delta_pos,bvse_profile_effective_cn_s_max,220,-0.03332236388177862,0.6230223180263516,-0.16629456551488025,0.10676408699594844,0.8603364518813044
exploratory_profile,delta_pos,bvse_profile_effective_cn_asymmetry,220,0.053276457627787197,0.4317066770277839,-0.0782738892891618,0.1867205335575168,0.8603364518813044
exploratory_profile,delta_pos,bvse_profile_mean_rc_min,220,0.09496983192874654,0.1603842222049855,-0.04212336865149144,0.23027916782068977,0.8603364518813044
exploratory_profile,delta_pos,bvse_profile_mean_rc_max,220,0.0737768128143803,0.2759164282654693,-0.06422053948479138,0.2153050551339358,0.8603364518813044
exploratory_profile,delta_pos,bvse_profile_mean_rc_s_min,220,0.11097917350853008,0.10063451396291125,-0.02974539150803935,0.24487490453881477,0.8603364518813044
exploratory_profile,delta_pos,bvse_profile_mean_rc_s_max,220,0.03446347911224466,0.6111623056230499,-0.09944382272416223,0.16087927998232548,0.8603364518813044
exploratory_profile,delta_pos,bvse_profile_mean_rc_asymmetry,220,0.03859453480289982,0.569084326169275,-0.09622300529323007,0.17024802164899794,0.8603364518813044
exploratory_profile,delta_pos,bvse_profile_weighted_mean_oxi_min,220,-0.04161511805843038,0.5392142042572093,-0.1798309660997934,0.104024357278447,0.8603364518813044
exploratory_profile,delta_pos,bvse_profile_weighted_mean_oxi_max,220,0.058481502758747174,0.3880173517976412,-0.089805095872183,0.20377624740243735,0.8603364518813044
exploratory_profile,delta_pos,bvse_profile_weighted_mean_oxi_range,220,0.038129085535883796,0.5737559323330846,-0.11316505602034846,0.1894202656960797,0.8603364518813044
exploratory_profile,delta_pos,bvse_profile_weighted_mean_oxi_s_min,220,-0.03200399293231219,0.6368463601847005,-0.16519590083657773,0.10288528384964041,0.8603364518813044
exploratory_profile,delta_pos,bvse_profile_weighted_mean_oxi_s_max,220,0.07687506649442742,0.25619648568063996,-0.05405346468128196,0.20659269633535154,0.8603364518813044
exploratory_profile,delta_pos,bvse_profile_weighted_mean_oxi_asymmetry,220,0.06328588587082794,0.3501641832221533,-0.07463160725680157,0.18786293469831472,0.8603364518813044
exploratory_profile,delta_pos,dft_profile_volume_max,220,-0.019990645937463022,0.7681088256106564,-0.15424477123266034,0.11855102569664977,0.9199876649394557
exploratory_profile,delta_pos,dft_profile_mean_rc_s_min,220,0.018424033579862647,0.7858227971357851,-0.1199382578601622,0.15644687460216208,0.9199876649394557
exploratory_profile,delta_pos,dft_profile_weighted_mean_oxi_s_min,200,-0.023495482402580325,0.7412192498723387,-0.16282218350082758,0.11917222482931333,0.9199876649394557
exploratory_profile,delta_pos,bvse_profile_volume_s_max,220,-0.02068762260038414,0.7602658733181634,-0.1532793022991924,0.10873857787646442,0.9199876649394557
exploratory_profile,delta_pos,bvse_profile_mean_rc_range,220,-0.0224070505238481,0.7410233548196644,-0.1608695026423755,0.11495208748432417,0.9199876649394557
exploratory_profile,delta_pos,dft_profile_effective_cn_range,220,-0.013786535784924182,0.8388754465883032,-0.15297694506059978,0.1253285979652802,0.9249700340133472
exploratory_profile,delta_pos,bvse_profile_effective_cn_max,220,0.013005527912860708,0.8478891978455683,-0.1252003563561293,0.14873471508317132,0.9249700340133472
exploratory_profile,delta_pos,bvse_profile_effective_cn_range,220,0.014364684469438699,0.8322163560037368,-0.12077429267094271,0.14740115830376133,0.9249700340133472
exploratory_profile,delta_pos,dft_profile_volume_s_min,220,-0.007665992235570872,0.9099838163418433,-0.13136371543921865,0.11295934709204176,0.9699824027941177
exploratory_profile,delta_pos,bvse_profile_effective_cn_min,220,0.005993361996585202,0.9295664693443628,-0.12233165169945295,0.13729889709783658,0.9699824027941177
exploratory_profile,delta_pos,dft_profile_volume_min,220,-0.0017389540354890878,0.9795397426372687,-0.13678407184368518,0.13476105616134162,0.9860496145888703
exploratory_profile,delta_pos,dft_profile_effective_cn_max,220,0.001185599251674997,0.9860496145888702,-0.12556883547763856,0.13424092759429487,0.9860496145888703
