outcome,effect,source,midpoint_prediction,midpoint_prediction_sd,midpoint_seeds,positional_prediction,positional_prediction_sd,positional_seeds,affine_bvse_prediction,affine_bvse_prediction_sd,affine_bvse_seeds,bvse_delta_prediction,bvse_delta_prediction_sd,bvse_delta_seeds,dft_barrier,midpoint_absolute_error,positional_absolute_error,delta_pos,affine_bvse_absolute_error,bvse_delta_absolute_error,delta_bvse,dft_path_length,dft_endpoint_displacement,dft_tortuosity,dft_bottleneck_mean_k_distance,dft_bottleneck_path_coordinate,dft_coordination_at_bottleneck,dft_smooth_coordination_at_bottleneck,dft_coordination_range,dft_smooth_coordination_range,composition_family,anion_family,em_bvse,bvse_path_length,bvse_endpoint_displacement,bvse_tortuosity,bvse_bottleneck_mean_k_distance,bvse_bottleneck_path_coordinate,bvse_coordination_at_bottleneck,bvse_smooth_coordination_at_bottleneck,bvse_coordination_range,bvse_smooth_coordination_range,litraj_min_volume,litraj_edge_length,litraj_max_weighted_mean_oxidation,litraj_max_volume,litraj_min_mean_covalent_radius,dft_profile_volume_min,dft_profile_volume_max,dft_profile_volume_range,dft_profile_volume_s_min,dft_profile_volume_s_max,dft_profile_volume_asymmetry,dft_profile_effective_cn_min,dft_profile_effective_cn_max,dft_profile_effective_cn_range,dft_profile_effective_cn_s_min,dft_profile_effective_cn_s_max,dft_profile_effective_cn_asymmetry,dft_profile_mean_rc_min,dft_profile_mean_rc_max,dft_profile_mean_rc_range,dft_profile_mean_rc_s_min,dft_profile_mean_rc_s_max,dft_profile_mean_rc_asymmetry,dft_profile_weighted_mean_oxi_min,dft_profile_weighted_mean_oxi_max,dft_profile_weighted_mean_oxi_range,dft_profile_weighted_mean_oxi_s_min,dft_profile_weighted_mean_oxi_s_max,dft_profile_weighted_mean_oxi_asymmetry,bvse_profile_volume_min,bvse_profile_volume_max,bvse_profile_volume_range,bvse_profile_volume_s_min,bvse_profile_volume_s_max,bvse_profile_volume_asymmetry,bvse_profile_effective_cn_min,bvse_profile_effective_cn_max,bvse_profile_effective_cn_range,bvse_profile_effective_cn_s_min,bvse_profile_effective_cn_s_max,bvse_profile_effective_cn_asymmetry,bvse_profile_mean_rc_min,bvse_profile_mean_rc_max,bvse_profile_mean_rc_range,bvse_profile_mean_rc_s_min,bvse_profile_mean_rc_s_max,bvse_profile_mean_rc_asymmetry,bvse_profile_weighted_mean_oxi_min,bvse_profile_weighted_mean_oxi_max,bvse_profile_weighted_mean_oxi_range,bvse_profile_weighted_mean_oxi_s_min,bvse_profile_weighted_mean_oxi_s_max,bvse_profile_weighted_mean_oxi_asymmetry
delta_pos,largest_harm,nebDFT2k:mp-760344_10_9_0_0_1,1.937875843048096,0.2353983100744203,10,2.8817732095718385,0.3668284733584549,10,1.265184225330535,0.0,10,2.042762541770935,0.2779532221059586,10,1.8200701331357576,0.1178057099123379,1.0617030764360806,-0.9438973665237428,0.5548859078052228,0.2226924086351771,0.3321934991700457,6.2687649937701675,5.404150968804928,1.159990723789206,1.9898510618022651,0.7019960572220975,11.0,1.0663982966281644,4.0,0.501940484081691,Li7C4O28Na4P4Co4,O,2.421132395675313,6.592542532138372,5.587874354422952,1.1797943393126225,1.8653143532312093,0.3239164992927507,9.0,1.2255376571595604,5.0,0.5812260720415018,7.035073348591253,5.404150968804928,-0.09063938365418824,12.27551070056388,0.8275,9.663871677392676,12.663607770864855,2.9997360934721797,0.5521095693153931,0.8546971998831222,0.30730782513999433,7.2586207841891355,8.419858691980021,1.1612379077908859,1.0,0.8546971998831222,0.048498587629635104,0.85,0.928,0.07800000000000007,0.4008120623887745,0.7019960572220975,-0.020035482193844822,-1.8590551217503766,-1.2117393824147227,0.6473157393356539,1.0,0.4008120623887745,0.010071252644430095,8.85287750077947,11.815239666791426,2.962362166011955,0.4901987836958154,0.0,-0.12106220068566387,6.874278813370441,8.492245354578165,1.617966541207724,1.0,0.6550620169497797,-0.21031277587655106,0.847857142857143,0.9345454545454547,0.0866883116883117,0.1603876285235596,0.6550620169497797,-0.017489945101743787,-1.8637873207185651,-0.6432176370480633,1.2205696836705018,1.0,0.4901987836958154,0.062133274481218526
delta_pos,largest_harm,nebDFT2k:mp-1202443_0_6_0_0_1,1.7236428797245025,0.4521653498085847,10,0.9406061708927156,0.1259077299185933,10,0.9472833463384484,0.0,10,1.2075319647789002,0.0782416790457574,10,1.9113331924867791,0.1876903127622768,0.970727021594064,-0.783036708831787,0.9640498461483308,0.7038012277078791,0.2602486184404518,7.5671730988881505,4.977406996456156,1.5203042677192906,1.9846232010593183,0.0,8.0,0.9170842690191944,5.0,0.4080187427491333,Li15O120Ge56,O,1.6245705508540969,7.845822434175089,4.98741565396895,1.573123833769788,1.9874190476662457,0.1681511462171683,10.0,0.959810836927948,3.0,0.5500785561384797,7.362940993724584,4.977406996456156,-0.13297842309708482,9.45069459271414,0.66,9.45069459271414,16.883959017621592,7.433264424907453,0.0,0.47379527660445586,0.2294075325919085,5.949479222034345,8.954897272912216,3.0054180508778714,0.0,0.47379527660445586,-0.10071669196248445,0.66,0.8528571428571429,0.19285714285714284,0.0,1.0,-0.027259427949579584,-2.0,-1.5266146568873058,0.4733853431126942,0.0,0.6263632274039844,-0.05668225939909244,9.57065323944866,18.43913909726054,8.86848585781188,0.0,0.5003606582385242,0.4803548561345412,5.965064021166905,11.69961000888351,5.734545987716606,0.0,0.5003606582385242,0.10687672302158013,0.66,0.8287499999999999,0.16874999999999984,0.0,1.0,-0.01872798385250396,-2.0,-0.9481451595958612,1.0518548404041388,0.0,0.6658369568768318,-0.06721012147013616
delta_pos,largest_harm,nebDFT2k:mp-1020056_2_2_1_1_0,1.5922298789024354,0.544522937230159,10,2.2594040513038633,0.3088958221388239,10,1.378566085915626,0.0,10,2.4072279214859007,0.3200497155977646,10,1.4526391147018671,0.1395907642005682,0.8067649366019962,-0.667174172401428,0.0740730287862412,0.9545888067840336,-0.8805157779977923,5.714277095259645,5.181886004443156,1.1027407956022182,2.0514146681868572,0.6026903774600298,10.0,0.9243700106680884,5.0,0.2543929791252475,Li15N80Si32Ca48,N,2.705232472162268,5.537276566797638,5.1818860013966805,1.0685832465834193,1.8489417116981797,0.6618191866650972,10.0,1.2845564637922642,6.0,0.523561010372799,7.863466130575904,5.181886004443156,-0.0418159091422659,13.177035073146584,1.0076923076923074,10.72088240941766,13.221798498012998,2.5009160885953374,0.4822714898089728,0.1648068918851468,0.1005785859833956,8.142237083029423,11.393687298622313,3.2514502155928895,0.4822714898089728,1.0,0.0212421808668317,1.0372222222222225,1.151333333333333,0.1141111111111108,0.1648068918851468,0.4822714898089728,-0.0013561182616337,-1.162276724661319,-0.9942942584881896,0.1679824661731294,1.0,0.4822714898089728,-0.0062933939300091,8.645986568511567,12.404869129045949,3.7588825605343814,0.4942569320351731,0.0,0.0001060404461910025,7.809146919057467,11.26254883532561,3.4534019162681435,0.4942569320351731,1.0,-0.0030258912894822743,0.9991666666666666,1.0955555555555556,0.09638888888888897,0.4942569320351731,1.0,-0.00046753282755762626,-1.0843272261898733,-0.33031964708013917,0.7540075791097341,0.0,0.4942569320351731,0.0009573508434534417
delta_pos,largest_harm,nebDFT2k:mp-26721_0_1_0_0_0,1.415192437171936,0.2186374284912573,10,0.5030007064342499,0.0916057208090453,10,0.4980294186075878,0.0,10,0.3745680510997772,0.1052468075576915,10,1.2890585620700676,0.1261338751018683,0.7860578556358178,-0.6599239805339494,0.7910291434624798,0.9144905109702904,-0.1234613675078106,5.767529559749699,4.943971860280308,1.1665781526965846,2.0018152567465224,0.0962815425615509,7.0,0.8035476750154936,3.0,0.2716706642031019,Li15O64P16Nb8,O,0.4988783583660745,6.227703717146111,4.9238092505207245,1.2648141713628511,2.0342932019652165,0.0,7.0,0.8319187851565389,5.0,0.391280114094622,12.052089335103323,4.943971860280308,-0.24904806490276954,12.507418095100116,0.66,12.236877911372789,15.039112729582683,2.802234818209895,1.0,0.5806857250995764,0.2190152461848962,5.530616683591911,10.641921675573982,5.111304991982071,0.0,0.5806857250995764,-0.2722754624873547,0.66,0.8516666666666667,0.19166666666666665,0.0,0.4173804827744659,-0.0016427656479593433,-2.0,-1.7287193109841241,0.2712806890158759,0.0,0.5806857250995764,-0.014222014990421972,12.073322889746455,16.11387117316807,4.040548283421616,0.0,0.3172663943657876,0.3709317824996461,5.389376272774668,10.923881480563184,5.5345052077885155,0.0,0.48129245815520366,0.045867097531119505,0.6915384615384615,0.8800000000000001,0.18846153846153857,0.0,0.6498471821682638,-0.013667631476307063,-1.9977757733001618,-1.559969395068367,0.4378063782317947,0.0,0.48129245815520366,-0.0033492732970457073
delta_pos,largest_harm,nebDFT2k:mp-772658_3_3_1_0_0,1.41910617351532,0.5212036383882392,10,0.8545012414455414,0.1351586459116086,10,1.005878738334525,0.0,10,1.1527736902236938,0.1349567259682819,10,1.7210608815584578,0.3019547080431379,0.8665596401129164,-0.5646049320697785,0.7151821432239329,0.568287191334764,0.1468949518891689,6.815861019375834,5.023898382073052,1.3566876757892046,2.05157092941915,0.6977113117852671,10.0,0.8380158013051269,4.0,0.1291337578660805,Li17O96V24Mn14,O,1.7713925844842044,7.162810056860545,5.024009,1.425716008243724,1.9509939911685188,0.1706935719834948,8.0,0.8860880133162445,6.0,0.1896354561273008,7.986980030665123,5.023898382073052,-0.18737362167581578,10.45573416876513,0.7220000000000001,10.455734168765124,12.597073701218415,2.1413395324532907,0.0,0.20397559904879117,0.09489386975507763,6.162691544218126,8.735704018230374,2.5730124740122475,1.0,0.42137581460026957,0.21754034362800345,0.7163636363636364,0.9075,0.19113636363636355,0.01007564349237987,0.42137581460026957,-0.018119854275689018,-1.9679412404009926,-1.4428811230793128,0.5250601173216798,0.01007564349237987,0.42137581460026957,0.02321599138887287,9.773207171118921,11.963599731788905,2.1903925606699843,0.0,0.5043705601151787,0.15041235248913232,5.984940080264526,10.93459474729606,4.949654667031535,0.0,0.5043705601151787,0.1345602111891484,0.7163636363636364,0.94625,0.2298863636363636,0.0,0.6698307875606561,-0.021626888791409726,-1.9807726380162156,-0.9519212956330448,1.0288513423831707,1.0,0.5043705601151787,0.052590994332070484
delta_pos,largest_harm,nebDFT2k:mp-772981_1_2_0_0_0,1.7140601217746734,0.3965879624381947,10,1.164497148990631,1.137847669402328,10,1.3535220541769883,0.0,10,1.369044643640518,0.4438656628931549,10,3.0772073401667797,1.3631472183921065,1.9127101911761488,-0.5495629727840423,1.723685285989791,1.7081626965262615,0.0155225894635298,6.172118219856882,5.869780699701077,1.0515074643540263,1.9228876812975324,0.5292905399901744,7.0,1.107099687625525,7.0,0.3917391753102639,Li3O32Zn6Ge12,O,2.642479829933849,6.371111389683551,5.891148418927562,1.0814718857216234,1.8188314649169364,0.4970159104833898,7.0,1.4251902617780836,7.0,0.7233294836012616,8.975485592924453,5.869780699701077,-0.18999802481666941,11.697434541947311,0.772,9.457677810682624,11.69743454194731,2.239756731264686,0.5292905399901744,0.0,-0.21332202760377594,5.435699021354918,7.9807197559162635,2.545020734561345,1.0,0.3520574658077475,0.03173775798265854,0.772,0.8893333333333334,0.1173333333333334,0.0,0.6873138411525554,-0.01020328824808131,-1.7956298975100775,-1.063510745218797,0.7321191522912804,0.0,0.5292905399901744,-0.019244834776183994,7.967217620286238,11.836910841552122,3.8696932212658837,0.4970159104833898,0.0,-0.19232311431448768,5.4890035312426475,8.302589523048917,2.81358599180627,1.0,0.6604406431568286,-0.037997210659027836,0.772,0.8815384615384615,0.10953846153846147,0.0,0.6604406431568286,-0.019155013522933195,-1.7866922108170311,-0.5138819210581941,1.2728102897588371,1.0,0.4970159104833898,-0.02183781763864412
delta_pos,largest_harm,nebDFT2k:mp-765964_0_6_1_0_0,1.1868966221809387,0.1743113829331364,10,1.6805315017700195,0.2406832688332559,10,1.0243783869852263,0.0,10,1.3561726927757265,0.2403826579658889,10,1.0074282938448391,0.1794683283360996,0.6731032079251804,-0.4936348795890808,0.0169500931403872,0.3487443989308871,-0.3317943057904999,4.530037698165633,4.256614499459573,1.0642348981193326,2.0522411169169583,0.0,8.0,0.7428131465853557,3.0,0.1086950157673646,Li31O112Si32V16,O,1.8177470151623096,4.732139462225401,4.269139463825761,1.1084527695388815,1.8395872951500296,0.5131765779577369,10.0,1.20591259851492,2.0,0.4887264826901557,10.015611468735475,4.256614499459573,-0.1538037814506553,12.20367863049136,0.809375,11.789356420068662,12.674343271416905,0.8849868513482431,1.0,0.1847387341030253,0.1350148273837215,7.332926067308325,8.521052048514905,1.1881259812065803,0.0,0.1847387341030253,0.03648495953743147,0.8374999999999999,0.8772222222222221,0.039722222222222214,0.41750252626180673,1.0,-0.007994901175109481,-1.803033737752613,-1.4918241574389248,0.3112095803136883,1.0,0.41750252626180673,-0.016268698931846015,9.50661355962085,12.076058677355231,2.5694451177343804,0.5131765779577369,0.0,0.1913774102601069,7.086883368408871,7.995349335212185,0.9084659668033144,0.5131765779577369,1.0,-0.06815274979992436,0.8270588235294117,0.8635294117647059,0.036470588235294144,0.5131765779577369,1.0,0.000641769643125012,-1.815697803320864,-1.0567926129528833,0.7589051903679807,1.0,0.5131765779577369,-0.009955261653900926
delta_pos,largest_harm,nebDFT2k:mp-763177_1_3_0_1_-1,0.5448391795158386,0.1430505665662658,10,1.003964638710022,0.2474995355032473,10,0.6471002417036935,0.0,10,0.7579331338405609,0.2055914772374038,10,0.459736825526761,0.0851023539890776,0.5442278131832611,-0.4591254591941834,0.1873634161769325,0.2981963083137999,-0.1108328921368674,2.6316245822025044,2.5082501557883936,1.049187448919078,1.966802793813932,0.4753757359992597,8.0,0.9770901505492272,5.0,0.0817144871773096,Li63O64F32V32,O+F,0.8724040001665392,3.0190916432002513,2.874600156675127,1.0502648989945955,1.8328251849003143,0.4938621921713977,7.0,1.1758498686603829,4.0,0.301354388493728,9.540190087125913,2.5082501557883936,-0.21403999928898632,10.240761667207266,0.8178571428571428,9.793588566850506,10.896605744370508,1.1030171775200017,0.0,0.7147424940792646,-0.09569693431452375,6.947976177631299,8.158852498939654,1.2108763213083549,1.0,0.2202101482578672,0.17529590127136574,0.8178571428571428,1.02875,0.21089285714285722,0.7147424940792646,0.0,0.028889831195035076,-1.2653554061125167,-1.0629922922804953,0.20236311383202144,0.0,0.7147424940792646,-0.01625130710437528,9.27407618666372,9.936569883327756,0.6624936966640362,0.4938621921713977,0.0,0.019898028329350836,6.736713859028288,7.502318254272607,0.7656043952443197,1.0,0.0,0.1785599096629107,0.8178571428571428,1.0605555555555555,0.24269841269841264,0.4938621921713977,1.0,0.007709354613097241,-1.3696930707029797,-0.9175101128724651,0.45218295783051465,0.0,0.4938621921713977,-0.019164553984432953
delta_pos,largest_harm,nebDFT2k:mp-1177804_0_1_0_0_1,1.6483089685440064,0.3650500790889656,10,2.1646708250045776,0.2087480041694076,10,1.788925969929026,0.0,10,2.0314053177833555,0.3022421760805471,10,1.6887457253068874,0.0404367567628809,0.4759250996976902,-0.4354883429348093,0.1001802446221387,0.3426595924764681,-0.2424793478543294,5.083584863143663,4.996194166355374,1.0174914532699275,1.9991569931381612,0.2619111632910431,7.0,0.9309226164908512,7.0,0.1557289240827727,Li47O96V24Co24,O,3.7334681514303054,5.445807564371832,5.096676593547174,1.0685016921157384,1.5545754837428198,0.5043710869031997,10.0,1.6959752775304684,10.0,0.730784798080819,6.149597637958499,4.996194166355374,-0.1585574519401221,10.405173392090704,0.904,9.608720722520356,10.6040465553628,0.995325832842445,0.5158220661283751,0.040584955012356,0.0259345506094827,7.536400996272966,8.51970662955344,0.983305633280474,1.0,0.7869658224128344,-0.0594524815822428,0.9127777777777778,1.0633333333333337,0.1505555555555556,0.2619111632910431,1.0,-0.0179567852196124,-1.6979680726394155,-1.0851051315915536,0.6128629410478621,1.0,0.5158220661283751,0.0081035390254957,6.119093591232934,10.130030405131016,4.010936813898082,0.5043710869031997,0.0,0.040782300545815886,6.9491815127134,8.39800005686666,1.4488185441532604,0.5043710869031997,0.8363628854690781,-4.967119087062599e-05,0.844,1.0711764705882354,0.22717647058823542,0.3359672594469895,0.0,0.005008310948186823,-1.7321337983550837,-0.4440451681398711,1.2880886302152126,1.0,0.5043710869031997,0.00020259035871961206
delta_pos,largest_harm,nebDFT2k:mp-1306251_7_5_1_1_0,1.6956409573554994,0.1897085117337769,10,1.0199448823928834,0.1157834231162787,10,0.6322725813562635,0.0,10,1.187491202354431,0.2465141503531806,10,1.5467144388152292,0.1489265185402701,0.5267695564223458,-0.3778430378820756,0.9144418574589656,0.3592232364607981,0.5552186209981675,4.1105392033411,4.108071982072011,1.0006005788797898,2.068282918331473,0.2491920243703554,9.0,0.9065642620038652,3.0,0.1012667851189503,Li71O72Mn12Fe24,O,0.8352504430006114,3.961477645371546,3.956117636354042,1.001354865934281,1.924738101690293,0.7523780624881191,12.0,1.241535762450359,2.0,0.2527662033008468,10.402318677522796,4.108071982072011,-0.18661851263359908,10.734006483878552,1.08,10.406533818517342,10.909641890485085,0.503108071967743,0.4997096557228791,0.7502200937005191,-0.0018316531929807311,10.292839071929308,11.660953996129274,1.3681149241999666,0.24919202437035542,0.4997096557228791,-0.001591774926405165,0.975,1.1144444444444446,0.1394444444444446,0.4997096557228791,0.0,-5.617568324889355e-05,-0.6595664142552741,-0.4692275927990287,0.19033882145624537,0.0,0.4997096557228791,-0.0004211860895834141,8.401445062071376,9.622877592514518,1.221432530443142,0.5011573942677109,0.0,0.0012143014138406016,9.51477163802825,11.277210469159083,1.762438831130833,1.0,0.5011573942677109,0.0034698771793006955,0.9314285714285714,1.1047058823529412,0.17327731092436982,0.5011573942677109,0.0,0.0003120156738397606,-0.7387115722921921,-0.3213676467460777,0.4173439255461144,1.0,0.5011573942677109,0.0005507478827266321
delta_pos,largest_harm,nebDFT2k:mp-772502_1_2_0_0_0,1.3857452511787414,0.1814323471168751,10,1.0408777177333832,0.1400654199614318,10,1.1696124219404949,0.0,10,1.2886842489242554,0.1036566925666901,10,1.4095782031162116,0.0238329519374702,0.3687004853828284,-0.3448675334453581,0.2399657811757167,0.1208939541919562,0.1190718269837605,4.866945962483257,4.683464472923691,1.0391764452619037,2.019589686105276,0.7208401144973425,7.0,0.8112688469664813,3.0,0.1679272167764308,Li15O96Si32Fe16,O,2.181658845735378,5.191131288866593,4.836316333264197,1.0733647121388603,1.8571506339048856,0.6692538453490995,8.0,1.1194622257337985,2.0,0.3850179378844273,12.212230867683523,4.683464472923691,-0.21568040399682048,12.606663322552944,0.6900000000000001,10.734091953459261,13.049061932989774,2.314969979530513,1.0,0.5585943292261479,0.32401940928233675,6.632265920123334,8.438464595426044,1.80619867530271,1.0,0.18212714137796734,0.35179575487933334,0.69,0.8270588235294118,0.1370588235294119,0.0,0.8785490525162666,-0.017109624786740718,-1.9985313135705474,-1.5322133099108217,0.46631800365972564,0.0,0.5585943292261479,-0.03996108555295996,10.357693033254598,12.280547300317846,1.9228542670632471,0.8345374152759638,0.17305691672412468,0.656580783852899,6.408304584250824,8.588642100767968,2.1803375165171444,1.0,0.17305691672412468,0.6085157375059036,0.7107692307692308,0.8157142857142857,0.1049450549450549,0.0,0.8345374152759638,-0.005183226060703483,-1.9931544809279471,-1.0623719495134163,0.9307825314145308,1.0,0.5048977061331549,-0.020568497170245448
delta_pos,largest_harm,nebDFT2k:mp-761269_2_1_1_-1_0,1.479506778717041,0.3693464218956658,10,2.004548442363739,0.3817538725201411,10,1.5331341735098114,0.0,10,1.7770058393478394,0.1679858887118767,10,1.578548204733437,0.0990414260163958,0.4260002376303022,-0.3269588116139064,0.0454140312236255,0.1984576346144024,-0.1530436033907769,5.3726156269446115,5.236895367277378,1.0259161679103384,1.836675377003642,0.3410861025969735,7.0,1.1335520736233156,5.0,0.1313419574643004,Li31F64Ag16,F,3.0925325683270746,5.668750415482585,5.255075928023864,1.0787190314896709,1.4870873635487187,0.50188176920942,8.0,1.7476181949077594,6.0,0.6584676063703698,6.309821937164011,5.236895367277378,-0.13080286185124473,8.44323119626693,0.7790909090909092,7.990306960918742,9.308725802990931,1.3184188420721892,0.5010305433069181,0.1316135296846121,0.0019199994448797497,6.296139972578849,7.29695297438736,1.0008130018085115,1.0,0.5010305433069181,-0.0003400592400004676,0.7616666666666667,0.8880000000000001,0.1263333333333334,0.3410861025969735,0.5010305433069181,-0.0001321021109652598,-0.9371879507216472,-0.6078871375353799,0.32930081318626725,0.0,0.6593033731844457,4.391434569905872e-05,5.587512522960109,8.540483181404493,2.952970658444384,0.50188176920942,1.0,0.000445680696541384,6.286883281187627,7.452556351585395,1.1656730703977676,0.0,0.16734030692532553,0.0010155879144098101,0.7790909090909092,0.8880000000000001,0.10890909090909096,0.16734030692532553,0.50188176920942,-0.007223431143859149,-0.9376280076904133,-0.22274117145649922,0.7148868362339141,0.0,0.50188176920942,0.00034856111941267143
delta_pos,largest_harm,nebDFT2k:mp-4117_3_0_1_0_1,1.9852880239486697,0.2903759257616305,10,2.3634687542915342,0.592260613357874,10,3.310082671748379,0.0,10,3.951076698303223,0.3349440926971591,10,2.0165598319364904,0.0312718079878209,0.3469089223550439,-0.3156371143672229,1.2935228398118888,1.9345168663667325,-0.6409940265548437,5.978918479335739,5.351175374935787,1.1173093872684905,1.8615270613594923,0.6030053399418609,8.0,1.1999141298743516,4.0,0.2943920885083487,Li31O80Si32,O,7.545019074174192,6.005912798896224,5.349043079718862,1.122801351454415,1.3803889895141157,0.4997774263449639,12.0,2.0761057943894192,4.0,1.1148022025110456,5.827733623053657,5.351175374935787,-0.27406268767751724,11.293510736551415,0.891,9.238127446532676,11.778801094674888,2.540673648142212,0.7596720709466186,0.14114227012531813,0.6457175492352221,5.982113487984102,7.465493977017267,1.4833804890331646,1.0,0.3723756449520324,0.1084255631865707,0.804375,0.9313636363636365,0.12698863636363655,0.8741025921523858,0.0,0.017447406582721814,-1.7426329479274667,-1.30695231031476,0.4356806376127067,1.0,0.6030053399418609,-0.0739491786955423,4.733488317974414,11.442166216066433,6.708677898092018,0.49977742634496397,1.0,-0.05586648325180521,5.86003767260712,7.40283779440731,1.5428001218001892,0.49977742634496397,0.6675142606223915,-0.16938815995406387,0.829090909090909,0.9195652173913045,0.09047430830039549,0.1641210877055943,0.0,-0.005005005068341506,-1.7052928541629704,-0.3561951174787752,1.3490977366841952,1.0,0.49977742634496397,0.0014368542296265274
delta_pos,largest_harm,nebDFT2k:mp-1176649_6_7_0_0_0,0.93427432179451,0.2001051032902941,10,1.311507773399353,0.2402235154800307,10,0.9110472697612776,0.0,10,0.7823225498199463,0.0786695341089366,10,0.9662818259483572,0.0320075041538473,0.3452259474509958,-0.3132184432971484,0.0552345561870796,0.1839592761284109,-0.1287247199413312,4.453796954254539,4.36648039381139,1.0199970119107606,2.043542786847974,1.0,8.0,0.7699412898940268,3.0,0.1681300357489199,Li15O64F16P16Mn16,O+F,1.5337740859342484,4.598582301785365,4.4298694338711515,1.0380852913235368,1.888702193219186,0.4960600917552787,10.0,1.314450397381144,4.0,0.5386526495081541,9.79367557352903,4.36648039381139,-0.3135345949256664,11.231077672708237,0.7787499999999999,11.231077672708237,12.343442564124013,1.112364891415778,0.0,0.2692621501195613,0.1875536743200605,6.2611049068152935,7.365261853335523,1.10415694652023,0.0,0.6104976679840249,0.0662529089496062,0.7653333333333333,0.8634999999999999,0.0981666666666666,0.8700924824656648,0.0,0.0160224105207683,-1.729756492414273,-1.4831063750157207,0.2466501173985522,0.2692621501195613,0.6104976679840249,-0.0716797719974422,8.475607074701035,10.887098455012104,2.4114913803110696,0.4960600917552787,0.0,0.04993419373038144,6.144069361719637,7.804870237155488,1.660800875435851,1.0,0.4960600917552787,0.05788236686012205,0.7957142857142856,0.8742105263157894,0.07849624060150384,1.0,0.0,0.013019883873404525,-1.7156845193118242,-1.079117348719619,0.6365671705922051,0.0,0.4960600917552787,-0.08236833005864941
delta_pos,largest_harm,nebDFT2k:mp-1178166_8_9_0_0_1,0.628833669424057,0.1868855292889134,10,1.3427943646907807,0.5414554994134755,10,0.7735207629326153,0.0,10,1.0579079389572144,0.248614673043628,10,0.8422648307995928,0.2134311613755357,0.5005295338911879,-0.2870983725156522,0.0687440678669775,0.2156431081576215,-0.146899040290644,3.6023073192132795,3.238504355507746,1.1123367220694982,2.0385687353114723,0.0,7.0,0.7600122446346445,1.0,0.1847032871045383,Li7O32K16Nb8,O,1.189174950698816,4.325077910474295,3.3769012293827654,1.2807830660966175,1.9305748701764536,0.4979259120140277,5.0,0.8471721472449272,3.0,0.238502311561919,12.1993776212496,3.238504355507746,-0.20360581497241287,13.988670705868767,1.126923076923077,12.347249766524666,15.927726955512762,3.5804771889880964,0.0,0.5728986792586984,-0.6236989090563512,5.955851305113565,7.647741081669109,1.691889776555544,1.0,0.26769376704292286,0.14193990569032877,1.18625,1.2886666666666668,0.10241666666666682,0.8237406495899813,0.26769376704292286,0.02235279231296472,-1.420048079572303,-1.0723993462339338,0.3476487333383691,1.0,0.5728986792586984,0.008836237840721961,11.364759534914477,13.393439422843473,2.0286798879289965,0.4979259120140277,1.0,-0.31413030255982655,5.471533628086116,6.6195925585445945,1.148058930458478,0.4979259120140277,0.0,0.28545364602821843,1.0190909090909093,1.268181818181818,0.2490909090909088,0.4979259120140277,0.0,-0.006111509405426596,-1.4116637032716117,-0.9331995508231331,0.4784641524484786,1.0,0.4979259120140277,0.04254717758778148
delta_pos,largest_help,nebDFT2k:mp-1222575_0_2_0_0_0,2.213804388046265,0.4346348629981434,10,3.832399916648865,0.5502626503581388,10,3.0899913941953017,0.0,10,4.091467690467835,0.2748677877758738,10,4.53782219991362,2.3240178118673556,0.7054222832647552,1.6185955286026004,1.4478308057183185,0.4463545094457855,1.001476296272533,5.688602402443673,5.144914250596203,1.1056748714100466,1.8873739185337888,0.3249394773857368,9.0,1.0407774185394103,2.0,0.3481813044910326,Li7O48Si16Sc2In6,O,6.993538013056706,5.9691955175788145,5.286391369117924,1.1291626178965295,1.6108869368580585,0.4960794780642836,9.0,1.572540467685481,3.0,0.9260276055245829,7.293593954402186,5.144914250596203,-0.24230553565215476,12.526563808188541,0.7550000000000001,9.914752679764437,12.672969489048716,2.7582168092842796,0.3249394773857368,1.0,-0.11968148610442153,5.92210756498104,7.816030714669999,1.893923149688959,0.3249394773857368,0.5190589152683484,-0.0514006500706472,0.66,0.8528571428571429,0.19285714285714284,1.0,0.3249394773857368,0.008098977410406272,-2.0,-1.07741851974294,0.92258148025706,1.0,0.5190589152683484,-0.007033438890782895,6.3580010751718445,12.770112315803615,6.412111240631771,0.4960794780642836,1.0,-0.04586189566069265,5.885064235639535,7.532142466104669,1.6470782304651337,0.4960794780642836,0.0,-0.04070399855708917,0.7866666666666667,0.93,0.1433333333333333,0.0,0.665928501062258,-0.003891382008618882,-1.9996537672789372,-0.24894498552641378,1.7507087817525233,1.0,0.4960794780642836,0.0009477177306633777
delta_pos,largest_help,nebDFT2k:mp-755369_2_0_1_0_1,1.1901556074619293,0.3127913373128086,10,2.3815267086029053,0.2543265315117578,10,2.0216303223942713,0.0,10,2.624806118011475,0.2506297072669435,10,2.91840317648834,1.7282475690264107,0.5368764678854347,1.191371101140976,0.8967728540940687,0.2935970584768652,0.6031757956172035,5.195242161078897,5.046731184969457,1.0294271619918545,1.9195947624346177,0.6831047544471744,7.0,1.10227110538184,8.0,0.1750504992788403,Li23O48V12Ga12,O,4.316553699621748,5.316621386735608,5.0462020859965495,1.0535886784022157,1.519382774187333,0.5043815069857405,10.0,1.7892165200633738,10.0,0.7401396956001629,7.000175343316635,5.046731184969457,-0.14297400748394576,9.529761626434853,0.9128571428571428,8.707511306356384,9.895714627572787,1.1882033212164025,0.49898573173389116,0.865323554548591,0.004262538056544862,6.7965152898339545,8.170034968135612,1.3735196783016574,0.0,0.13531897342732893,0.020558522922821787,0.88125,1.017,0.13574999999999993,0.31737916721525977,0.0,-0.00422725589656775,-1.8306306558309369,-0.9963273301048411,0.8343033257260958,0.0,0.49898573173389116,0.0022648765351016564,5.752169633242727,9.60323475059558,3.851065117352854,0.5043815069857405,1.0,0.002750604926050393,6.969330345368885,8.332768058875184,1.3634377135062987,0.5043815069857405,0.16970542192036542,-0.0016342782852207804,0.8400000000000001,1.065263157894737,0.22526315789473683,0.6682946903001581,0.0,0.007024584455341709,-1.7714401649936677,-0.49065538107155937,1.2807847839221083,1.0,0.5043815069857405,-0.001376895701425962
delta_pos,largest_help,nebDFT2k:mp-753126_0_1_1_1_0,2.744223964214325,0.7614692346422162,10,1.0894731819629668,0.0959052209987007,10,1.1377043299945897,0.0,10,1.3974664568901063,0.1269012617286101,10,1.355068565811223,1.3891553984031022,0.2655953838482561,1.123560014554846,0.2173642358166332,0.0423978910788833,0.1749663447377498,9.39886230313241,5.157183661636668,1.82247965552377,2.113650913785139,1.0,10.0,0.7364778111933552,4.0,0.1349778726440963,Li23O80Fe24Sn16,O,2.1017069793997454,8.396641126059501,5.311449661830022,1.580856764284291,1.764032914589949,0.6701127680294594,9.0,1.1703541114155187,3.0,0.5690672432978773,6.778739084684699,5.157183661636668,0.02876549265966431,12.567016215595796,0.8115384615384615,12.469592957277957,14.383982612420025,1.9143896551420685,0.3459228192136926,0.6764983896544596,-0.38022152375689533,7.003688852419015,9.121632267502013,2.1179434150829985,0.0,0.5100057145698754,-0.13503384070770785,0.8326666666666667,0.974,0.1413333333333333,0.6764983896544596,0.0,0.01686858210550829,-1.733574965211181,-1.2184328950386758,0.5151420701725051,0.0,0.6764983896544596,-0.058184057341320594,9.861468417680967,12.86885015428467,3.007381736603703,0.6701127680294594,0.3370728473418079,0.4801991473574905,6.863538049905563,9.373524671136789,2.509986621231225,0.0,0.3370728473418079,0.30417980402957134,0.8557142857142858,0.9522222222222221,0.09650793650793632,0.16782420483729552,1.0,-0.0006804165646811522,-1.8017278779413912,-0.6061636384896102,1.1955642394517811,0.0,0.6701127680294594,-0.11445246357720518
delta_pos,largest_help,nebDFT2k:mp-755369_6_3_0_0_1,1.190678858757019,0.2968545908006701,10,2.288680601119995,0.2529408992489768,10,2.1413957088918796,0.0,10,2.7357789993286135,0.2439150644860073,10,2.6072857484934957,1.4166068897364767,0.3186051473735007,1.098001742362976,0.4658900396016161,0.1284932508351177,0.3373967887664983,5.260498210043063,5.096976633508874,1.0320820730193572,1.9170099992283849,0.3039292927052143,7.0,1.0933942715349123,8.0,0.189014424797355,Li23O48V12Ga12,O,4.616648929042725,5.29816512334077,5.0033694329052,1.0589194330718044,1.5165611242618562,0.5048929636771381,11.0,1.8307353993581543,11.0,0.7816009243115589,5.99975596580129,5.096976633508874,-0.19961506581924898,9.838455981600303,0.8959999999999999,8.513569514002198,10.051725584096786,1.5381560700945887,0.5024474709272455,0.8879504810243782,-0.05603994356142028,7.209172559727717,7.845919678688385,0.6367471189606677,1.0,0.8879504810243782,0.02015938317450683,0.8586666666666666,1.0240909090909092,0.16542424242424258,0.30392929270521435,0.0,-0.008886703041210198,-1.7473004085909174,-1.0353759938581069,0.7119244147328105,0.0,0.5024474709272455,0.0002059820410037494,5.659292194025046,9.68463865353267,4.025346459507624,0.5048929636771381,0.0,-0.006109919774530681,6.819896144757595,8.37022540996506,1.5503292652074654,0.5048929636771381,0.16697742986961694,-0.010078048995850963,0.88,1.0815789473684212,0.2015789473684212,0.3370049427302293,0.0,0.004814543071140709,-1.7704026659210261,-0.48840010694893643,1.2820025589720898,1.0,0.5048929636771381,0.004779048235457828
delta_pos,largest_help,nebDFT2k:mp-759667_2_4_0_0_0,1.6195458889007568,0.271031120968029,10,0.5517500281333924,0.0848444318944922,10,0.6278036593551566,0.0,10,0.7186516106128693,0.0972416284666812,10,0.3889327957493549,1.230613093151402,0.1628172323840374,1.0677958607673643,0.2388708636058016,0.3297188148635144,-0.0908479512577127,5.947363576420651,4.7683077177792805,1.2472692469584337,1.9852716223475488,0.8463272727898974,10.0,0.8572753607088283,2.0,0.1483161578287065,Li15B16O48Sn8,O,0.8240526987073264,6.142758362965601,4.776380565856639,1.2860697086987465,1.9681916197090692,0.6762045978420554,9.0,0.9548329448187458,3.0,0.2586680818272695,9.745464976564188,4.7683077177792805,-0.2908820872963792,12.303473601552833,0.7508333333333334,11.339046856302597,13.72747146273721,2.3884246064346133,1.0,0.15274302527951597,0.6740005806799152,6.3846105946596845,7.6223136501556255,1.237703055495941,0.4896933419629796,0.3355092892505221,0.23554585983990295,0.7781250000000001,0.8744444444444445,0.0963194444444444,0.4896933419629796,0.8463272727898974,-0.010231880886475309,-1.780338544113487,-1.531709626860803,0.24862891725268388,0.0,0.3355092892505221,0.013782122209046399,11.044872609415698,13.804654527985576,2.759781918569878,0.8376804082801839,0.3474349676263447,0.8394733948966984,6.393580977598808,8.17037606402368,1.7767950864248716,0.8376804082801839,0.3474349676263447,0.31507612457752465,0.8141176470588235,0.858125,0.044007352941176525,0.6762045978420554,0.5127143789377,0.0016384815679117981,-1.7514842455065591,-1.1462889555767426,0.6051952899298165,0.0,0.6762045978420554,-0.03340973535412051
delta_pos,largest_help,nebDFT2k:mp-755369_11_7_0_1_0,1.1811738848686215,0.305853217798187,10,2.2312026262283324,0.2892287954371643,10,2.031324318670104,0.0,10,2.5353341817855837,0.2388807877048682,10,2.6194679777818237,1.438294092913202,0.3882653515534913,1.0500287413597107,0.5881436591117195,0.08413379599624,0.5040098631154795,5.164291227330185,4.982517488548005,1.0364823082307235,1.9026343069311151,0.5015690572655702,10.0,1.1620510476390202,9.0,0.1790723033115756,Li23O48V12Ga12,O,4.340843873281065,5.299433084409127,5.0071479453978665,1.058373577573218,1.5145804352377343,0.4930767361912156,10.0,1.7991878519696227,11.0,0.7834457222211211,6.955472192633534,4.982517488548005,-0.12030498800489099,9.45213115306355,0.9,8.430041396276525,9.776345100245814,1.346303703969289,0.5015690572655702,0.9273047314953011,-0.02266243260887535,6.883493818600342,8.033684393749859,1.1501905751495167,0.0,0.13702918948016035,0.015265914334364528,0.8728571428571429,1.08,0.20714285714285718,0.7123458808207497,0.0,0.01835551047179418,-1.8012062518924847,-0.9630693513283571,0.8381369005641276,0.0,0.5015690572655702,0.008052916756263628,5.702007137759264,9.702906880077895,4.000899742318632,0.49307673619121567,0.0,-0.040587674959234654,6.899624462816699,8.37398332532019,1.4743588625034905,0.49307673619121567,0.8279595402351094,-0.013098628474426555,0.8400000000000001,1.0815789473684212,0.24157894736842112,0.6604167547249036,1.0,0.005362219849137317,-1.7667314860868726,-0.49490242053850386,1.2718290655483688,0.0,0.49307673619121567,0.00588264604141675
delta_pos,largest_help,nebDFT2k:mp-755369_1_4_0_0_1,1.2142825663089751,0.3025221611375391,10,2.254388189315796,0.2995000610316978,10,2.1205633763417455,0.0,10,2.6598735809326173,0.2455274870767,10,2.7418344290632604,1.5275518627542852,0.4874462397474643,1.0401056230068209,0.6212710527215148,0.081960848130643,0.5393102045908718,5.271129583284101,5.096980557972303,1.0341670962506238,1.908017571867267,0.3205824292443531,7.0,1.1161247963140717,8.0,0.1711653569120469,Li23O48V12Ga12,O,4.564449509837984,5.29697555954229,5.009975157870322,1.0572857933678792,1.5131062446713544,0.4982772029211229,10.0,1.8119102579285933,11.0,0.7625911129869745,6.927319602249093,5.096980557972303,-0.11081238815058589,9.709717634381562,0.9394444444444444,8.576330008830466,9.955521210160025,1.3791912013295597,0.5006107528929865,0.14202758578001984,0.006058177233169815,7.186552861864336,8.037003966899237,0.8504511050349004,0.32058242924435315,0.8625752922752484,-0.02590926997232268,0.88125,1.024090909090909,0.14284090909090896,0.32058242924435315,1.0,0.0025730219347239736,-1.7478724258074867,-1.0165393325604282,0.7313330932470585,1.0,0.5006107528929865,-0.004143183923805305,5.667764443608002,9.683133348759378,4.015368905151377,0.4982772029211229,1.0,0.012143968578240294,6.864007882601431,8.371924460493803,1.507916577892372,0.4982772029211229,0.8331292324086429,0.006975862181843873,0.8799999999999998,1.0815789473684212,0.2015789473684214,0.33220851550091257,1.0,-0.004592728652065503,-1.7715378859816788,-0.488058153323064,1.283479732658615,0.0,0.4982772029211229,-0.0067090120324110325
delta_pos,largest_help,nebDFT2k:mp-753899_0_3_0_0_0,1.0775448441505433,0.2569721633005319,10,1.8475247025489807,0.3444402656243768,10,2.8912216456326254,0.0,10,2.9360431671142577,0.2333291419101504,10,3.250723844104641,2.173178999954098,1.4031991415556604,0.7699798583984374,0.3595021984720157,0.3146806769903834,0.0448215214816323,5.8683375177861885,5.5976696858000095,1.0483536627166123,1.85294562102348,0.4979229381590541,10.0,1.4865840431946806,6.0,0.7961428107967012,Li15C32O96Fe16,O,6.495482146990113,6.323802014434319,5.599789704945268,1.12929276769977,1.5952485258469895,0.4836010516300557,13.0,1.9679464439833183,5.0,1.087560972321031,6.637871208374591,5.5976696858000095,-0.17528162122955251,10.783067606555095,0.7,8.421036588864895,11.08585807127229,2.664821482407394,0.4979229381590541,0.16135787856313935,0.0018277530242869489,6.840985439163917,9.645739785188693,2.804754346024777,0.0,0.4979229381590541,0.01851572344453567,0.7,0.7866666666666666,0.08666666666666667,0.0,0.4979229381590541,0.0004306750816276961,-1.9961754593856254,-0.742816864424602,1.2533585949610233,0.0,0.4979229381590541,0.0011919000755306053,6.290216049698856,9.937575601495224,3.6473595517963684,0.4836010516300557,0.0,-0.007327465337660044,6.5407189378707615,7.3862984300069625,0.845579492136201,1.0,0.4836010516300557,0.029793165140651556,0.66,0.8053333333333335,0.14533333333333343,0.0,0.3176275692223885,0.0054989271739211976,-2.0,-0.3326557593257305,1.6673442406742696,0.0,0.4836010516300557,0.004790954478062548
delta_pos,largest_help,nebDFT2k:mp-777670_0_2_0_1_0,2.3184669494628904,0.4554466280732205,10,2.8979679346084595,0.3792841469361857,10,4.08206817928771,0.0,10,3.4790032148361205,0.289808479045772,10,4.522794747633043,2.2043277981701523,1.624826813024583,0.579500985145569,0.4407265683453332,1.0437915327969225,-0.6030649644515891,5.747544177890779,5.2347332667601085,1.0979631406220742,1.8797251365616503,0.8187439019334253,8.0,1.0935052489517645,5.0,0.4517381922656491,Li15O64V12Cr12Sn8,O,9.47937736223693,5.89232303492962,5.192091491629482,1.1348650239366984,1.459809493565599,0.6658986776252144,10.0,1.9087897684773043,6.0,1.2374156677810308,5.313790402029028,5.2347332667601085,-0.009681258212114269,11.932478379472846,0.7895000000000001,9.602957557495344,12.056618197967811,2.4536606404724672,0.5747160452747386,1.0,0.4724463635855596,5.715254515949657,7.442784139508831,1.7275296235591737,0.0,0.2811113318284029,0.08963991608533961,0.7895000000000001,0.9453846153846155,0.1558846153846154,0.0,0.5747160452747386,-0.034047311587677265,-1.8699005388843257,-0.8676752722368818,1.0022252666474438,0.0,0.5747160452747386,-0.11424085295108166,5.176352282331125,12.242278836640306,7.065926554309181,0.6658986776252144,0.0,1.32329481650524,5.244247937489681,7.1507087529313536,1.9064608154416725,0.6658986776252144,0.3392631206624193,0.39276101697540966,0.7895000000000001,0.9692857142857142,0.1797857142857141,0.0,0.8321825298339903,-0.02628874472655962,-1.8626034224119887,-0.23075046340527042,1.6318529590067183,0.0,0.6658986776252144,-0.25603367773237395
delta_pos,largest_help,nebDFT2k:mp-755839_0_5_0_0_0,1.0953237771987916,0.2640725377832035,10,0.5356349110603332,0.0888377233135005,10,0.6484632984075269,0.0,10,0.602123886346817,0.0848751054605393,10,0.547669942860523,0.5476538343382686,0.0120350318001897,0.5356188025380789,0.1007933555470039,0.054453943486294,0.0463394120607099,5.778074062401069,5.147776695044784,1.122440697158252,2.0470934594904566,0.4374729015191652,10.0,0.8389195339741224,2.0,0.0502866917006773,Li23O64V8Cr24,O,0.8758194011117768,5.938570698302751,5.134165805328627,1.1566768436148382,2.0068786707538586,0.8344897107546244,11.0,0.9721527913131892,7.0,0.2328988106822747,9.093073652269133,5.147776695044784,-0.17303899031374595,10.660707530136605,0.898235294117647,10.651001328332004,11.914619829688109,1.2636185013561043,1.0,0.2532805645994753,-0.01796137699887712,6.889536716115553,8.608066503347072,1.7185297872315184,0.4374729015191652,0.8083220936075147,-0.08009456901207335,0.852857142857143,0.9677777777777778,0.11492063492063487,0.2532805645994753,0.0,0.001059610330478522,-1.797722767142659,-1.5651344867261643,0.2325882804164947,0.4374729015191652,0.8083220936075147,-0.004320357462059943,10.417405174853835,11.239127517321005,0.8217223424671705,1.0,0.5034576204208449,0.036481219576747215,7.053889571745559,8.343103727364051,1.2892141556184917,0.0,0.3367683376908983,0.03609342763486856,0.852857142857143,1.02,0.16714285714285704,0.16824709452946074,1.0,-0.008238586120656866,-1.7855543920484993,-1.4300789652248351,0.3554754268236642,0.0,0.6681045567348329,-0.004094275857408292
delta_pos,largest_help,nebDFT2k:mp-774843_2_0_0_1_0,2.884331560134888,0.4540235397607384,10,3.3858558177947997,0.4924339567731893,10,4.880530168672959,0.0,10,4.3876912832260135,0.4286109781363421,10,3.67574452515413,0.7914129650192421,0.2898887073593301,0.5015242576599119,1.2047856435188296,0.7119467580718837,0.4928388854469459,5.683157486856144,5.269499267117189,1.0785004796034932,1.8761021829757492,0.4189192200057937,7.0,1.088668567689405,4.0,0.4703658471781742,Li15O64V12Co12Sn8,O,11.480077572003148,5.788599849940695,5.188555749430123,1.1156476155385775,1.4727037667819625,0.3360933307805004,10.0,1.943278704205017,6.0,1.2514282581067997,5.16805677220769,5.269499267117189,0.1818201115697819,11.480619852105903,0.8533333333333333,10.168430728794595,12.811905857860536,2.6434751290659406,0.4189192200057937,1.0,-0.5669803924126748,5.841722189680232,7.140240243765171,1.2985180540849388,1.0,0.7431524581345422,-0.2128005050425883,0.7578947368421053,0.9458333333333334,0.18793859649122813,1.0,0.0,0.023421951238566108,-1.8876192645642391,-1.2025842598861516,0.6850350046780875,0.8738026922284408,0.4189192200057937,0.12506441547901748,5.289804566978268,12.036776103468249,6.746971536489981,0.3360933307805004,1.0,-1.17290331181501,5.465890629165145,7.285655274385274,1.819764645220129,0.5029140308000353,0.6691300853941705,-0.25791797339105527,0.7895000000000001,0.9599999999999999,0.17049999999999976,1.0,0.1678038133850519,0.015353346318755456,-1.8661676888299785,-0.03645719198336547,1.8297104968466131,1.0,0.3360933307805004,0.3147765766644084
delta_pos,largest_help,nebDFT2k:mp-758282_0_2_0_0_0,0.8104578912258148,0.1744730237879475,10,0.3250109791755676,0.0449574126122018,10,0.4600966400610226,0.0,10,0.3501594930887222,0.0550623712516205,10,0.2860638797962166,0.5243940114295982,0.0389470993793509,0.4854469120502472,0.1740327602648059,0.0640956132925055,0.1099371469723003,5.57730876953242,4.440176487547292,1.256100694459843,2.118962533925038,0.1392307226999369,9.0,0.7295980731009575,2.0,0.08378820921999,Li5C8O24Cr4,O,0.4038304800649928,5.414009564486729,4.5481544718814835,1.1903750406804143,2.044535632084769,0.1605176391493998,13.0,0.8918429192189627,4.0,0.2488386746096588,11.910222446690119,4.440176487547292,,13.397137437789917,0.722,11.910222446690117,13.000116299569129,1.0898938528790119,0.0,0.2803773768851439,-0.11371988909925079,7.100288905209564,7.862807945586967,0.7625190403774029,1.0,0.2803773768851439,0.03333511645142151,0.756875,0.795625,0.03875000000000006,0.6342242514130887,0.13923072269993694,0.013109332598219003,-1.8773750579162873,-1.7914694510052789,0.08590560691100846,0.2803773768851439,0.0,0.0026866194998654835,10.878789889096522,12.303205957246035,1.4244160681495135,0.0,0.6633943925652327,-0.24129715882500946,7.032363147573741,7.990939779363307,0.9585766317895663,0.0,0.6633943925652327,-0.09371335919058055,0.7570588235294118,0.8046666666666666,0.04760784313725486,0.6633943925652327,0.0,0.009636415038295432,-1.910128775315502,-1.7743625206964164,0.13576625461908565,0.16051763914939984,0.6633943925652327,-0.016112472082036144
delta_pos,largest_help,nebDFT2k:mp-761094_0_2_0_0_1,3.915807867050171,0.8501072477662666,10,4.3910709619522095,0.6942311745666313,10,3.860474265403451,0.0,10,4.0755229711532595,0.3821305249527535,10,4.479324795743111,0.5635169286929398,0.0882538337909011,0.4752630949020386,0.6188505303396594,0.4038018245898511,0.2150487057498082,5.308903970132678,5.109310206024497,1.039064718339637,1.883883158855339,0.4794085619144279,13.0,1.3212546948417638,10.0,0.3528019556207497,Li39O80Fe4Co36,O,8.924131156550306,5.4154408467977815,5.10764004105517,1.0602628226085846,1.4641603080611378,0.4947871294148774,12.0,1.99702921946752,11.0,0.9764836954179772,4.835572808248512,5.109310206024497,,10.365991568191419,0.9,8.531889567140805,10.365991568191417,1.8341020010506117,0.4794085619144279,0.0,-0.04171609843572899,7.697492265315802,10.285639870679109,2.5881476053633072,0.4794085619144279,0.16237140119045115,0.05498790371740192,0.8771428571428571,1.0290000000000001,0.15185714285714302,0.6849905780087879,0.0,0.010133202076029246,,,,,,,5.217577860834643,9.923484451262116,4.705906590427473,0.49478712941487746,1.0,-0.0123496584772953,6.6904254618213415,8.526803117907017,1.8363776560856753,0.49478712941487746,0.16017139026326832,0.041744394186808975,0.8400000000000001,1.0114285714285716,0.17142857142857149,0.66683065922638,1.0,0.002764444279200917,-1.7155431172996911,0.08610932000844487,1.801652437308136,1.0,0.49478712941487746,0.01386919128038977
delta_pos,largest_help,nebDFT2k:mp-34038_0_2_0_0_1,0.1994170755147933,0.1737630941277203,10,0.857349643111229,0.3585617343231759,10,0.5950732718600882,0.0,10,0.5367037326097488,0.2077358539271248,10,0.751095296214288,0.5516782206994947,0.1062543468969409,0.4454238738025537,0.1560220243541998,0.2143915636045392,-0.0583695392503393,3.4031291571278897,3.2090636168496243,1.06047419541928,2.1095867410200775,0.1858301635985772,9.0,0.8406028204390696,5.0,0.4330952429107677,Li53N9Cl27,N+Cl,0.7420404125902,3.5984272873407113,3.0338701883880885,1.1860847906787255,2.181490405575306,0.0,10.0,0.8479185380314245,3.0,0.4276155123985348,11.315181929807226,3.2090636168496243,-0.12981307106364004,14.089014773570288,1.108125,11.41852278913599,17.802034586444375,6.383511797308385,0.0,0.7173981958196917,-1.8704614269388715,9.402276621274828,11.215416216719785,1.813139595444957,0.39652494959798124,0.18583016359857726,-0.11883646267985704,1.114,1.2089473684210528,0.09494736842105267,0.18583016359857726,1.0,-0.03529330211550652,-0.5575262581671353,-0.41163734102409577,0.14588891714303953,1.0,0.7173981958196917,0.0052037381169797725,11.848753150858483,17.8296630367669,5.9809098859084155,0.0,1.0,-1.7385562399229393,9.510532465598232,11.22301793649607,1.712485470897839,0.742317892400483,0.0,0.40600803063982926,1.0649999999999997,1.2089473684210528,0.14394736842105305,0.49069170559045067,1.0,-0.023100780669249144,-0.5804419636401168,-0.36878611839658265,0.21165584524353415,1.0,0.49069170559045067,0.02801385322408012
delta_pos,largest_help,nebDFT2k:mp-758380_3_8_0_0_0,1.1354893386363982,0.2513707053084968,10,1.5702775716781616,0.2317681190618784,10,2.702119165908777,0.0,10,3.0012867212295533,0.1927765895053269,10,2.9573986697728003,1.821909331136402,1.387121098094639,0.4347882330417634,0.2552795038640232,0.043888051456753,0.2113914524072702,4.960961972574301,4.8592790855359125,1.0209255087531517,1.8718307267954617,0.4526507806760394,12.0,1.4083246144246229,4.0,0.5748269571312608,Li23C16O80V16,O,6.021649483844676,5.778604936546705,4.856646297246465,1.1898344213007557,1.5953866900704652,0.4870036300555777,9.0,1.8859689388504688,3.0,1.0408557628501458,7.484051915684928,4.8592790855359125,-0.15994526190065994,10.230813519378584,0.7633333333333333,9.143706860710848,10.919748308932391,1.7760414482215428,0.6394727625737301,0.14091598309430808,0.2927725401463501,6.229608843880908,9.445676256906305,3.216067413025397,0.0,0.4526507806760394,0.2852831640468265,0.6753846153846155,0.8926315789473684,0.21724696356275297,0.14091598309430808,0.8324543256006091,-0.04313437913718976,-1.9999812116609939,-0.5753771954993769,1.424604016161617,0.0,0.4526507806760394,-0.04303193732293209,7.072980922637147,10.706435543835847,3.633454621198699,0.6541609316308789,0.16264921322727785,0.6289950287364485,6.1532560529947595,9.067843329305154,2.914587276310394,0.0,0.48700363005557773,-0.010812725192586026,0.6733333333333335,0.8926315789473683,0.21929824561403488,0.3247302139546663,0.8260577032794039,-0.05888333089815884,-1.9972766829774107,-0.11639971808744014,1.8808769648899706,0.0,0.48700363005557773,-0.15768517358796802
delta_bvse,largest_harm,nebDFT2k:mp-1020056_2_2_1_1_0,1.5922298789024354,0.544522937230159,10,2.2594040513038633,0.3088958221388239,10,1.378566085915626,0.0,10,2.4072279214859007,0.3200497155977646,10,1.4526391147018671,0.1395907642005682,0.8067649366019962,-0.667174172401428,0.0740730287862412,0.9545888067840336,-0.8805157779977923,5.714277095259645,5.181886004443156,1.1027407956022182,2.0514146681868572,0.6026903774600298,10.0,0.9243700106680884,5.0,0.2543929791252475,Li15N80Si32Ca48,N,2.705232472162268,5.537276566797638,5.1818860013966805,1.0685832465834193,1.8489417116981797,0.6618191866650972,10.0,1.2845564637922642,6.0,0.523561010372799,7.863466130575904,5.181886004443156,-0.0418159091422659,13.177035073146584,1.0076923076923074,10.72088240941766,13.221798498012998,2.5009160885953374,0.4822714898089728,0.1648068918851468,0.1005785859833956,8.142237083029423,11.393687298622313,3.2514502155928895,0.4822714898089728,1.0,0.0212421808668317,1.0372222222222225,1.151333333333333,0.1141111111111108,0.1648068918851468,0.4822714898089728,-0.0013561182616337,-1.162276724661319,-0.9942942584881896,0.1679824661731294,1.0,0.4822714898089728,-0.0062933939300091,8.645986568511567,12.404869129045949,3.7588825605343814,0.4942569320351731,0.0,0.0001060404461910025,7.809146919057467,11.26254883532561,3.4534019162681435,0.4942569320351731,1.0,-0.0030258912894822743,0.9991666666666666,1.0955555555555556,0.09638888888888897,0.4942569320351731,1.0,-0.00046753282755762626,-1.0843272261898733,-0.33031964708013917,0.7540075791097341,0.0,0.4942569320351731,0.0009573508434534417
delta_bvse,largest_harm,nebDFT2k:mp-1282211_3_0_0_0_1,1.7015256524085998,0.4763945718030731,10,2.0091405630111696,0.2876215211454514,10,3.099418681305949,0.0,10,2.3238269329071044,0.262680926695345,10,3.475863467544542,1.7743378151359424,1.4667229045333725,0.3076149106025698,0.3764447862385931,1.1520365346374375,-0.7755917483988446,6.0680294638472425,5.2770366719503885,1.149893366498911,1.933645701902959,0.2586443006117524,7.0,0.980023314350381,6.0,0.2568851248703195,Li23O48V24,O,7.0171598955639976,6.3888427697396235,5.326222732987462,1.1995072474477877,1.5553371670128704,0.499908513572095,11.0,1.8425367420221324,9.0,0.9166130857533976,5.905662737763846,5.2770366719503885,-0.07589275989436718,10.651118853528867,0.8607692307692307,9.686100237788171,10.977317667605192,1.2912174298170207,0.4430937534681015,0.12852286856051137,0.22140920581478962,7.34651549185952,8.993764771861564,1.6472492800020433,0.4430937534681015,0.12852286856051137,-0.08706850847549985,0.9772222222222222,1.0533333333333332,0.07611111111111102,0.2586443006117524,0.4430937534681015,0.007036231286230099,-1.5696599775579287,-0.9374070142829665,0.6322529632749623,0.0,0.4430937534681015,0.03978154059376604,5.619477195229562,10.437132809173567,4.817655613944005,0.499908513572095,1.0,-0.35306494028433955,6.592282927042416,8.616175978631764,2.023893051589348,0.3327787836282707,0.8344719270248155,-0.4216695832528785,0.9561538461538461,1.06,0.10384615384615392,0.6668896217821706,0.0,0.009763037343619496,-1.5624540128350795,0.04183175119561729,1.6042857640306967,0.0,0.499908513572095,0.1252551476711028
delta_bvse,largest_harm,nebDFT2k:mp-4117_3_0_1_0_1,1.9852880239486697,0.2903759257616305,10,2.3634687542915342,0.592260613357874,10,3.310082671748379,0.0,10,3.951076698303223,0.3349440926971591,10,2.0165598319364904,0.0312718079878209,0.3469089223550439,-0.3156371143672229,1.2935228398118888,1.9345168663667325,-0.6409940265548437,5.978918479335739,5.351175374935787,1.1173093872684905,1.8615270613594923,0.6030053399418609,8.0,1.1999141298743516,4.0,0.2943920885083487,Li31O80Si32,O,7.545019074174192,6.005912798896224,5.349043079718862,1.122801351454415,1.3803889895141157,0.4997774263449639,12.0,2.0761057943894192,4.0,1.1148022025110456,5.827733623053657,5.351175374935787,-0.27406268767751724,11.293510736551415,0.891,9.238127446532676,11.778801094674888,2.540673648142212,0.7596720709466186,0.14114227012531813,0.6457175492352221,5.982113487984102,7.465493977017267,1.4833804890331646,1.0,0.3723756449520324,0.1084255631865707,0.804375,0.9313636363636365,0.12698863636363655,0.8741025921523858,0.0,0.017447406582721814,-1.7426329479274667,-1.30695231031476,0.4356806376127067,1.0,0.6030053399418609,-0.0739491786955423,4.733488317974414,11.442166216066433,6.708677898092018,0.49977742634496397,1.0,-0.05586648325180521,5.86003767260712,7.40283779440731,1.5428001218001892,0.49977742634496397,0.6675142606223915,-0.16938815995406387,0.829090909090909,0.9195652173913045,0.09047430830039549,0.1641210877055943,0.0,-0.005005005068341506,-1.7052928541629704,-0.3561951174787752,1.3490977366841952,1.0,0.49977742634496397,0.0014368542296265274
delta_bvse,largest_harm,nebDFT2k:mp-777670_0_2_0_1_0,2.3184669494628904,0.4554466280732205,10,2.8979679346084595,0.3792841469361857,10,4.08206817928771,0.0,10,3.4790032148361205,0.289808479045772,10,4.522794747633043,2.2043277981701523,1.624826813024583,0.579500985145569,0.4407265683453332,1.0437915327969225,-0.6030649644515891,5.747544177890779,5.2347332667601085,1.0979631406220742,1.8797251365616503,0.8187439019334253,8.0,1.0935052489517645,5.0,0.4517381922656491,Li15O64V12Cr12Sn8,O,9.47937736223693,5.89232303492962,5.192091491629482,1.1348650239366984,1.459809493565599,0.6658986776252144,10.0,1.9087897684773043,6.0,1.2374156677810308,5.313790402029028,5.2347332667601085,-0.009681258212114269,11.932478379472846,0.7895000000000001,9.602957557495344,12.056618197967811,2.4536606404724672,0.5747160452747386,1.0,0.4724463635855596,5.715254515949657,7.442784139508831,1.7275296235591737,0.0,0.2811113318284029,0.08963991608533961,0.7895000000000001,0.9453846153846155,0.1558846153846154,0.0,0.5747160452747386,-0.034047311587677265,-1.8699005388843257,-0.8676752722368818,1.0022252666474438,0.0,0.5747160452747386,-0.11424085295108166,5.176352282331125,12.242278836640306,7.065926554309181,0.6658986776252144,0.0,1.32329481650524,5.244247937489681,7.1507087529313536,1.9064608154416725,0.6658986776252144,0.3392631206624193,0.39276101697540966,0.7895000000000001,0.9692857142857142,0.1797857142857141,0.0,0.8321825298339903,-0.02628874472655962,-1.8626034224119887,-0.23075046340527042,1.6318529590067183,0.0,0.6658986776252144,-0.25603367773237395
delta_bvse,largest_harm,nebDFT2k:mp-756912_1_1_1_0_0,1.41227730512619,0.264485197171898,10,1.530867624282837,0.2013737391724806,10,0.9665913192842148,0.0,10,1.4286222100257873,0.1978702774724842,10,0.5701987782533138,0.8420785268728763,0.9606688460295232,-0.1185903191566468,0.3963925410309009,0.8584234317724735,-0.4620308907415725,8.603210922760736,5.063391640919739,1.6991004316620484,1.9927747563086933,0.1149004177891287,11.0,0.9871567372600172,4.0,0.1864746344236378,Li15B16O48Zn16,O,1.672950393647236,8.248950990058045,5.063292000000001,1.629167543577981,1.8780032930807633,0.665506171203449,11.0,1.1844407369316254,4.0,0.3296766811587587,9.63027306901229,5.063391640919739,-0.1115955927210774,11.46225800241813,0.82,10.670952328299812,12.400158875518796,1.7292065472189844,0.8686750399854022,0.6643849251257986,-0.1855521960954576,7.959524246712658,9.480297750778123,1.5207735040654642,1.0,0.29614713630229655,0.28682304601513753,0.8305882352941176,0.8826666666666668,0.052078431372549194,0.47842344953779636,0.29614713630229655,0.0036536305988401074,-1.2648144618192374,-0.9109113722729025,0.35390308954633487,0.0,0.29614713630229655,0.03137083399406104,9.496481307678472,11.185177009990236,1.6886957023117635,0.49822969667102346,0.0,-0.03909176562169847,8.119211775247223,11.41802086546481,3.2988090902175866,1.0,0.3343211902574779,0.5059638750966391,0.8300000000000001,0.8786666666666666,0.048666666666666525,0.665506171203449,0.8324692728299782,0.0042902373910214675,-1.2257763403499566,-0.2512608412852924,0.9745154990646643,1.0,0.3343211902574779,0.025893027109672506
delta_bvse,largest_harm,nebDFT2k:mp-765964_0_6_1_0_0,1.1868966221809387,0.1743113829331364,10,1.6805315017700195,0.2406832688332559,10,1.0243783869852263,0.0,10,1.3561726927757265,0.2403826579658889,10,1.0074282938448391,0.1794683283360996,0.6731032079251804,-0.4936348795890808,0.0169500931403872,0.3487443989308871,-0.3317943057904999,4.530037698165633,4.256614499459573,1.0642348981193326,2.0522411169169583,0.0,8.0,0.7428131465853557,3.0,0.1086950157673646,Li31O112Si32V16,O,1.8177470151623096,4.732139462225401,4.269139463825761,1.1084527695388815,1.8395872951500296,0.5131765779577369,10.0,1.20591259851492,2.0,0.4887264826901557,10.015611468735475,4.256614499459573,-0.1538037814506553,12.20367863049136,0.809375,11.789356420068662,12.674343271416905,0.8849868513482431,1.0,0.1847387341030253,0.1350148273837215,7.332926067308325,8.521052048514905,1.1881259812065803,0.0,0.1847387341030253,0.03648495953743147,0.8374999999999999,0.8772222222222221,0.039722222222222214,0.41750252626180673,1.0,-0.007994901175109481,-1.803033737752613,-1.4918241574389248,0.3112095803136883,1.0,0.41750252626180673,-0.016268698931846015,9.50661355962085,12.076058677355231,2.5694451177343804,0.5131765779577369,0.0,0.1913774102601069,7.086883368408871,7.995349335212185,0.9084659668033144,0.5131765779577369,1.0,-0.06815274979992436,0.8270588235294117,0.8635294117647059,0.036470588235294144,0.5131765779577369,1.0,0.000641769643125012,-1.815697803320864,-1.0567926129528833,0.7589051903679807,1.0,0.5131765779577369,-0.009955261653900926
delta_bvse,largest_harm,nebDFT2k:mp-1020056_0_2_1_0_0,0.5288663506507874,0.1857942240139179,10,0.756853798031807,0.2337116047123186,10,0.5208987937733469,0.0,10,0.8131173014640808,0.4339881174000169,10,0.1300193352041105,0.3988470154466768,0.6268344628276964,-0.2279874473810196,0.3908794585692363,0.6830979662599702,-0.2922185076907339,2.0616527883634954,2.027377400428485,1.0169062691178103,2.1590253967846698,0.2380671398271903,7.0,0.620880669266016,5.0,0.0616000113879113,Li15N80Si32Ca48,N,0.5561819799531005,2.772075621413881,2.6501024403276467,1.0460258362960315,2.1472490791794843,0.5021748725355212,8.0,0.7188915712322952,5.0,0.0862353241760732,12.518979114744988,2.027377400428485,-0.247199049936426,14.632250014611794,1.0472727272727276,13.999096303093486,15.003705015772423,1.0046087126789374,1.0,0.5055661238545174,0.1199414041754867,10.31740930541592,11.817199267005684,1.4997899615897623,0.7717340294251701,0.0,0.332551966398495,1.063888888888889,1.0950000000000002,0.031111111111111,0.0,0.7717340294251701,-0.0010514958798995,-1.3894316173067722,-1.2160048286623766,0.1734267886443956,0.5055661238545174,1.0,0.001038466877543,13.059370256382707,14.307467418257934,1.2480971618752275,1.0,0.25164162524898137,0.23573438221301846,9.627120344942647,11.377099321592587,1.74997897664994,0.7517040354031505,0.0,0.482181142914901,1.0055555555555555,1.0810000000000002,0.07544444444444465,0.7517040354031505,0.25164162524898137,0.01878709340486595,-1.5375905158454934,-1.2750228529221046,0.26256766292338884,0.5021748725355212,1.0,-0.009626991419762199
delta_bvse,largest_harm,nebDFT2k:mp-1174212_5_7_0_0_0,0.3841370910406112,0.074269023460371,10,0.4455973893404007,0.0606905147805303,10,0.7005929840672787,0.0,10,0.4427908658981323,0.0448615454033972,10,0.8727639313134432,0.488626840272832,0.4271665419730425,0.0614602982997894,0.1721709472461645,0.4299730654153109,-0.2578021181691463,2.835333796077017,2.74037553176692,1.0346515516611954,2.039134995429999,0.7557932784516438,12.0,0.9419016823174092,7.0,0.2489400662455068,Li31O56Co24,O,1.0064403629371628,3.2831581660565745,2.875624900572334,1.141719897265853,1.8562593346469356,0.5030924721755888,6.0,1.153070283542772,11.0,0.0819652792685381,9.86045312354783,2.74037553176692,-0.3285958837480501,10.21391363463477,0.8342857142857143,9.353311066441544,11.22351180965074,1.870200743209196,1.0,0.4669449259940536,0.1686096460922179,7.447235855610227,8.424285967258848,0.9770501116486212,1.0,0.4669449259940536,0.1123823806453061,0.8226666666666667,1.02,0.1973333333333333,0.7557932784516438,0.0,0.04473400694631,-1.725866783839341,-1.56795467166215,0.1579121121771907,1.0,0.4669449259940536,0.0304823872161624,8.779886243751884,9.48340156289042,0.7035153191385355,0.5030924721755888,0.0,0.09146885546872596,7.215408538594641,7.632082378446034,0.41667383985139317,1.0,0.2502054868815051,0.0441122240666898,0.7633333333333333,1.0279999999999998,0.2646666666666665,0.5030924721755888,0.0,0.017949589636564345,-1.7621753301805725,-1.2579034813582863,0.5042718488222862,1.0,0.5030924721755888,0.007978866096647552
delta_bvse,largest_harm,nebDFT2k:mp-1177804_0_1_0_0_1,1.6483089685440064,0.3650500790889656,10,2.1646708250045776,0.2087480041694076,10,1.788925969929026,0.0,10,2.0314053177833555,0.3022421760805471,10,1.6887457253068874,0.0404367567628809,0.4759250996976902,-0.4354883429348093,0.1001802446221387,0.3426595924764681,-0.2424793478543294,5.083584863143663,4.996194166355374,1.0174914532699275,1.9991569931381612,0.2619111632910431,7.0,0.9309226164908512,7.0,0.1557289240827727,Li47O96V24Co24,O,3.7334681514303054,5.445807564371832,5.096676593547174,1.0685016921157384,1.5545754837428198,0.5043710869031997,10.0,1.6959752775304684,10.0,0.730784798080819,6.149597637958499,4.996194166355374,-0.1585574519401221,10.405173392090704,0.904,9.608720722520356,10.6040465553628,0.995325832842445,0.5158220661283751,0.040584955012356,0.0259345506094827,7.536400996272966,8.51970662955344,0.983305633280474,1.0,0.7869658224128344,-0.0594524815822428,0.9127777777777778,1.0633333333333337,0.1505555555555556,0.2619111632910431,1.0,-0.0179567852196124,-1.6979680726394155,-1.0851051315915536,0.6128629410478621,1.0,0.5158220661283751,0.0081035390254957,6.119093591232934,10.130030405131016,4.010936813898082,0.5043710869031997,0.0,0.040782300545815886,6.9491815127134,8.39800005686666,1.4488185441532604,0.5043710869031997,0.8363628854690781,-4.967119087062599e-05,0.844,1.0711764705882354,0.22717647058823542,0.3359672594469895,0.0,0.005008310948186823,-1.7321337983550837,-0.4440451681398711,1.2880886302152126,1.0,0.5043710869031997,0.00020259035871961206
delta_bvse,largest_harm,nebDFT2k:mp-28030_2_22_0_0_0,0.5260940194129944,0.0670273246106347,10,0.711249777674675,0.1495015396145683,10,0.8541281928252895,0.0,10,0.6502591371536255,0.073052417390305,10,0.8691693608290905,0.3430753414160961,0.1579195831544154,0.1851557582616806,0.0150411680038009,0.2189102236754649,-0.203869055671664,2.9108690623176257,2.7405452972964115,1.062149589422675,1.9438809363696,0.4295993533091762,8.0,1.0191299002633751,9.0,0.0505879844083621,Li63O72Nb16,O,1.3911523823598455,3.1665647599653366,2.8252381487874856,1.120813394553779,1.7657382485884714,0.5046459924671353,6.0,1.3189057701764315,10.0,0.3249962857890355,9.257958943593527,2.7405452972964115,-0.2866624466226491,10.46588258084709,0.8784615384615384,9.729048523023716,10.792556918283472,1.0635083952597562,1.0,0.203546473425475,0.2117074680709745,7.464768539502277,8.32809889174989,0.8633303522476137,0.42959935330917626,0.0,0.05683127040071323,0.9071428571428571,1.0444444444444443,0.13730158730158715,0.42959935330917626,0.0,0.001268400219621324,-1.641177889418629,-1.3910920224999181,0.25008586691871093,1.0,0.0,0.07206305768766796,8.235876579463536,10.626453632941077,2.390577053477541,0.5046459924671353,0.0,0.19437526752830614,6.829995702150557,8.438162323058668,1.6081666209081114,0.5046459924671353,0.0,0.10034001496212452,0.815,1.0699999999999998,0.2549999999999999,0.5046459924671353,1.0,0.0188212765537491,-1.668519759627478,-1.2355004611640659,0.43301929846341203,1.0,0.5046459924671353,0.07665409066093531
delta_bvse,largest_harm,nebDFT2k:mp-754292_0_3_1_0_0,0.7385608911514282,0.1465980549236533,10,0.5792686760425567,0.1302375263678543,10,0.7151788501599343,0.0,10,0.5117399901151657,0.0798270595802272,10,0.778268638954728,0.0397077478032997,0.1989999629121712,-0.1592922151088714,0.0630897887947936,0.2665286488395623,-0.2034388600447686,4.523220485370951,4.400837276852707,1.0278090737782897,2.0906255539142085,1.0,8.0,0.7030447142302265,2.0,0.1314574792666251,Li23B8O56Cr8As8,O,1.042988058054955,4.5109725999425265,4.293110815520362,1.0507468345877669,2.013353192551903,0.5008768519320899,10.0,1.0165733094925464,4.0,0.3232815942006222,10.99192598863316,4.400837276852707,-0.20890659407281487,12.5726159321651,0.81,12.571695702378483,13.373358412359162,0.801662709980679,1.0,0.4985794987212232,0.004494294964723977,8.024504331907458,9.27992228959511,1.2554179576876514,0.0,0.4985794987212232,0.002172433128716733,0.8079999999999999,0.8995000000000001,0.09150000000000014,0.4985794987212232,0.0,-0.00014663858327157442,-1.3560686940900621,-0.9595707789303568,0.39649791515970534,0.0,0.4985794987212232,0.00016526025906715702,11.448450366419433,12.799327373280008,1.3508770068605749,0.5008768519320899,1.0,-0.0022482833630821375,8.006843193072747,9.257975042759293,1.251131849686546,0.0,0.5008768519320899,0.0013947459021572683,0.7742857142857142,0.8995000000000001,0.12521428571428583,0.5008768519320899,0.0,0.00016012718575358909,-1.355127538583331,-0.6479389046492924,0.7071886339340386,0.0,0.5008768519320899,-0.00013282415946813675
delta_bvse,largest_harm,nebDFT2k:mp-1320203_8_0_0_1_0,0.5043742269277572,0.0807108896111836,10,0.5283037334680557,0.0686458517980206,10,0.6551110223061976,0.0,10,0.4542964398860931,0.0822463175071439,10,0.795512204551386,0.2911379776236288,0.2672084710833303,0.0239295065402984,0.1404011822451885,0.3412157646652929,-0.2008145824201044,2.7147130662119,2.629077401977261,1.032572515426984,2.0061709185080363,0.7388363494531673,10.0,0.9415502126355664,7.0,0.2100812759947634,Li39O80Co16Ni24,O,0.8924765529553833,3.213148902153946,2.9020612562937207,1.1071954098782606,1.8735043084657437,0.4975009433859,6.0,1.130961802721356,11.0,0.1008377126184338,9.739560941459347,2.629077401977261,,10.145144124033566,0.8328571428571429,9.378598591235836,10.74668047100062,1.3680818797647838,1.0,0.44501009660995017,0.1735304188480633,7.373314232054027,8.366655025734907,0.99334079368088,1.0,0.44501009660995017,0.0748570480115136,0.8328571428571429,0.96375,0.13089285714285714,0.44501009660995017,1.0,0.01767180229313503,,,,,,,8.857594703447283,9.502650138064187,0.6450554346169035,0.49750094338590006,0.0,0.11248651684060462,7.223703387657797,7.76686005735824,0.5431566697004433,1.0,0.25533056499659756,0.0194067816868424,0.8,0.96,0.15999999999999992,0.49750094338590006,0.0,0.018181089317270638,-1.7633332735265599,-1.300277326584899,0.46305594694166086,1.0,0.49750094338590006,0.015150694822324784
delta_bvse,largest_harm,nebDFT2k:mp-758486_3_0_1_0_1,0.2572034075856209,0.0521038343970074,10,0.4920744925737381,0.0807476392659872,10,0.3911906088256321,0.0,10,0.2087227180600165,0.0631724019040538,10,0.4439005888809219,0.186697181295301,0.0481739036928162,0.1385232776024847,0.0527099800552897,0.2351778708209053,-0.1824678907656155,3.500154201752366,0.3500700373083856,9.998439822683228,2.0137151192713154,0.0,6.0,0.7066842915603672,3.0,0.0571034442172473,Li15O56P16Cu8,O,0.231173155133415,3.460864819194644,3.1043980770855497,1.1148263635196392,2.051844937500962,0.5006293084963549,6.0,0.6558628079572392,3.0,0.0369023935017169,7.53563550726155,0.35007003730838565,-0.1365311760828278,13.097728305841851,0.77625,12.484040061699968,13.073619180534498,0.5895791188345303,0.5568037580738993,0.0,0.01942764008101605,7.6943624160021535,7.957590613771897,0.2632281977697435,0.0,0.5568037580738993,0.008680919006870624,0.7694117647058824,0.803076923076923,0.03366515837104067,0.0,0.34812881913247445,0.0011522837401065633,-1.94051623457164,-1.8830280224374922,0.05748821213414779,0.0,0.5568037580738993,-0.007460835000679067,12.393561533212672,12.605219318395543,0.21165778518287048,0.2553312424361096,0.5006293084963549,-0.0031582929990667807,7.612046710837179,8.168563907696845,0.5565171968596658,0.5006293084963549,1.0,0.0008519868243630491,0.7957142857142856,0.82,0.024285714285714355,0.2553312424361096,0.5006293084963549,-5.812401516225307e-05,-1.9726201546436608,-1.899384078135077,0.07323607650858377,0.5006293084963549,0.2553312424361096,0.0006708035453391048
delta_bvse,largest_harm,nebDFT2k:mp-753477_6_2_0_1_0,0.3076535135507583,0.0394836649599394,10,0.2889502108097076,0.096930165480801,10,0.4073231539988023,0.0,10,0.2315141052007674,0.063359884275508,10,1.713200099236758,1.4055465856859997,1.4242498884270502,-0.0187033027410505,1.3058769452379555,1.4816859940359906,-0.175809048798035,2.228893817020645,2.049739693492023,1.0874033537514256,2.538923982009962,0.7360201220380022,4.0,0.2318261511563954,1.0,0.085364453702766,Li47S48Bi16,S,0.2715963524065561,3.1253886323223203,2.9218917322624733,1.069645599052459,2.4338530895996913,0.4945189481032295,4.0,0.2931379386277742,1.0,0.1122673034099556,17.720986505440237,2.049739693492023,-0.2235995397253041,24.272513648491366,1.1817647058823528,20.829826273648944,22.81839520341467,1.9885689297657265,0.7360201220380022,0.0,0.05624895345107994,8.171974964587445,8.81400571567276,0.6420307510853149,0.0,1.0,-0.08446597215508511,1.207857142857143,1.2293749999999999,0.021517857142856922,0.9958441665308412,0.7360201220380022,0.0008297815659081831,-1.0405812427531367,-0.7599356810963721,0.2806455616567646,0.9958441665308412,0.7360201220380022,-0.033389463590277335,20.14999903332967,22.153499721774097,2.0035006884444257,0.0,1.0,-0.4443716289912327,7.092794423080966,7.86865586592978,0.7758614428488135,0.24624461380434567,1.0,-0.18624359558311898,1.1840000000000002,1.2106666666666668,0.026666666666666616,0.24624461380434567,1.0,-0.005903667467345053,-1.4216608971992197,-1.0386048211271675,0.3830560760720523,0.49451894810322955,0.0,0.060574833257071914
delta_bvse,largest_harm,nebDFT2k:mp-760344_10_4_0_1_0,0.3009142726659774,0.02779262403982,10,0.3211540311574935,0.0376047887793285,10,0.4604093010056599,0.0,10,0.2891216456890105,0.0515512216309852,10,0.5244383236928201,0.2235240510268426,0.2032842925353265,0.0202397584915161,0.0640290226871601,0.2353166780038095,-0.1712876553166493,3.7352169751090982,3.641889053033588,1.0256262397663574,2.070334076623216,1.0,8.0,0.7091227118458479,2.0,0.0832627882340696,Li7C4O28Na4P4Co4,O,0.4046139122456571,3.990718959653225,3.713775548678622,1.0745719301946346,2.0636688422384895,1.0,8.0,0.7369570883469119,4.0,0.1127078726929375,12.35948584423242,3.6418890530335877,-0.2618313895563875,15.175155689362075,0.871578947368421,12.383189961230519,14.12971188940801,1.7465219281774917,0.0,0.7938498622652642,-0.46063073217873907,7.125742559762168,7.591649419050236,0.46590685928806774,1.0,0.5832452157378932,-0.012152583066666445,0.87375,0.905,0.03125,0.28940501155275855,0.5832452157378932,-0.006462375159960676,-1.865629916523762,-1.4331478563404738,0.43248206018328816,0.0,0.7938498622652642,-0.12973016489817513,11.81867987825174,12.911284997516184,1.0926051192644444,0.0,1.0,-0.349876204320263,6.88010811801235,7.809095970852373,0.9289878528400228,0.0,0.4936648495000329,-0.04056678301118666,0.8213333333333334,0.9152631578947369,0.09392982456140353,0.24571845236462891,1.0,-0.02058770563205764,-1.8654365127777432,-1.3275458695576507,0.5378906432200925,0.0,0.744470017798383,-0.12540483251933987
delta_bvse,largest_help,nebDFT2k:mp-1222575_0_2_0_0_0,2.213804388046265,0.4346348629981434,10,3.832399916648865,0.5502626503581388,10,3.0899913941953017,0.0,10,4.091467690467835,0.2748677877758738,10,4.53782219991362,2.3240178118673556,0.7054222832647552,1.6185955286026004,1.4478308057183185,0.4463545094457855,1.001476296272533,5.688602402443673,5.144914250596203,1.1056748714100466,1.8873739185337888,0.3249394773857368,9.0,1.0407774185394103,2.0,0.3481813044910326,Li7O48Si16Sc2In6,O,6.993538013056706,5.9691955175788145,5.286391369117924,1.1291626178965295,1.6108869368580585,0.4960794780642836,9.0,1.572540467685481,3.0,0.9260276055245829,7.293593954402186,5.144914250596203,-0.24230553565215476,12.526563808188541,0.7550000000000001,9.914752679764437,12.672969489048716,2.7582168092842796,0.3249394773857368,1.0,-0.11968148610442153,5.92210756498104,7.816030714669999,1.893923149688959,0.3249394773857368,0.5190589152683484,-0.0514006500706472,0.66,0.8528571428571429,0.19285714285714284,1.0,0.3249394773857368,0.008098977410406272,-2.0,-1.07741851974294,0.92258148025706,1.0,0.5190589152683484,-0.007033438890782895,6.3580010751718445,12.770112315803615,6.412111240631771,0.4960794780642836,1.0,-0.04586189566069265,5.885064235639535,7.532142466104669,1.6470782304651337,0.4960794780642836,0.0,-0.04070399855708917,0.7866666666666667,0.93,0.1433333333333333,0.0,0.665928501062258,-0.003891382008618882,-1.9996537672789372,-0.24894498552641378,1.7507087817525233,1.0,0.4960794780642836,0.0009477177306633777
delta_bvse,largest_help,nebDFT2k:mp-755369_2_0_1_0_1,1.1901556074619293,0.3127913373128086,10,2.3815267086029053,0.2543265315117578,10,2.0216303223942713,0.0,10,2.624806118011475,0.2506297072669435,10,2.91840317648834,1.7282475690264107,0.5368764678854347,1.191371101140976,0.8967728540940687,0.2935970584768652,0.6031757956172035,5.195242161078897,5.046731184969457,1.0294271619918545,1.9195947624346177,0.6831047544471744,7.0,1.10227110538184,8.0,0.1750504992788403,Li23O48V12Ga12,O,4.316553699621748,5.316621386735608,5.0462020859965495,1.0535886784022157,1.519382774187333,0.5043815069857405,10.0,1.7892165200633738,10.0,0.7401396956001629,7.000175343316635,5.046731184969457,-0.14297400748394576,9.529761626434853,0.9128571428571428,8.707511306356384,9.895714627572787,1.1882033212164025,0.49898573173389116,0.865323554548591,0.004262538056544862,6.7965152898339545,8.170034968135612,1.3735196783016574,0.0,0.13531897342732893,0.020558522922821787,0.88125,1.017,0.13574999999999993,0.31737916721525977,0.0,-0.00422725589656775,-1.8306306558309369,-0.9963273301048411,0.8343033257260958,0.0,0.49898573173389116,0.0022648765351016564,5.752169633242727,9.60323475059558,3.851065117352854,0.5043815069857405,1.0,0.002750604926050393,6.969330345368885,8.332768058875184,1.3634377135062987,0.5043815069857405,0.16970542192036542,-0.0016342782852207804,0.8400000000000001,1.065263157894737,0.22526315789473683,0.6682946903001581,0.0,0.007024584455341709,-1.7714401649936677,-0.49065538107155937,1.2807847839221083,1.0,0.5043815069857405,-0.001376895701425962
delta_bvse,largest_help,nebDFT2k:mp-1306251_7_5_1_1_0,1.6956409573554994,0.1897085117337769,10,1.0199448823928834,0.1157834231162787,10,0.6322725813562635,0.0,10,1.187491202354431,0.2465141503531806,10,1.5467144388152292,0.1489265185402701,0.5267695564223458,-0.3778430378820756,0.9144418574589656,0.3592232364607981,0.5552186209981675,4.1105392033411,4.108071982072011,1.0006005788797898,2.068282918331473,0.2491920243703554,9.0,0.9065642620038652,3.0,0.1012667851189503,Li71O72Mn12Fe24,O,0.8352504430006114,3.961477645371546,3.956117636354042,1.001354865934281,1.924738101690293,0.7523780624881191,12.0,1.241535762450359,2.0,0.2527662033008468,10.402318677522796,4.108071982072011,-0.18661851263359908,10.734006483878552,1.08,10.406533818517342,10.909641890485085,0.503108071967743,0.4997096557228791,0.7502200937005191,-0.0018316531929807311,10.292839071929308,11.660953996129274,1.3681149241999666,0.24919202437035542,0.4997096557228791,-0.001591774926405165,0.975,1.1144444444444446,0.1394444444444446,0.4997096557228791,0.0,-5.617568324889355e-05,-0.6595664142552741,-0.4692275927990287,0.19033882145624537,0.0,0.4997096557228791,-0.0004211860895834141,8.401445062071376,9.622877592514518,1.221432530443142,0.5011573942677109,0.0,0.0012143014138406016,9.51477163802825,11.277210469159083,1.762438831130833,1.0,0.5011573942677109,0.0034698771793006955,0.9314285714285714,1.1047058823529412,0.17327731092436982,0.5011573942677109,0.0,0.0003120156738397606,-0.7387115722921921,-0.3213676467460777,0.4173439255461144,1.0,0.5011573942677109,0.0005507478827266321
delta_bvse,largest_help,nebDFT2k:mp-755369_1_4_0_0_1,1.2142825663089751,0.3025221611375391,10,2.254388189315796,0.2995000610316978,10,2.1205633763417455,0.0,10,2.6598735809326173,0.2455274870767,10,2.7418344290632604,1.5275518627542852,0.4874462397474643,1.0401056230068209,0.6212710527215148,0.081960848130643,0.5393102045908718,5.271129583284101,5.096980557972303,1.0341670962506238,1.908017571867267,0.3205824292443531,7.0,1.1161247963140717,8.0,0.1711653569120469,Li23O48V12Ga12,O,4.564449509837984,5.29697555954229,5.009975157870322,1.0572857933678792,1.5131062446713544,0.4982772029211229,10.0,1.8119102579285933,11.0,0.7625911129869745,6.927319602249093,5.096980557972303,-0.11081238815058589,9.709717634381562,0.9394444444444444,8.576330008830466,9.955521210160025,1.3791912013295597,0.5006107528929865,0.14202758578001984,0.006058177233169815,7.186552861864336,8.037003966899237,0.8504511050349004,0.32058242924435315,0.8625752922752484,-0.02590926997232268,0.88125,1.024090909090909,0.14284090909090896,0.32058242924435315,1.0,0.0025730219347239736,-1.7478724258074867,-1.0165393325604282,0.7313330932470585,1.0,0.5006107528929865,-0.004143183923805305,5.667764443608002,9.683133348759378,4.015368905151377,0.4982772029211229,1.0,0.012143968578240294,6.864007882601431,8.371924460493803,1.507916577892372,0.4982772029211229,0.8331292324086429,0.006975862181843873,0.8799999999999998,1.0815789473684212,0.2015789473684214,0.33220851550091257,1.0,-0.004592728652065503,-1.7715378859816788,-0.488058153323064,1.283479732658615,0.0,0.4982772029211229,-0.0067090120324110325
delta_bvse,largest_help,nebDFT2k:mp-755369_11_7_0_1_0,1.1811738848686215,0.305853217798187,10,2.2312026262283324,0.2892287954371643,10,2.031324318670104,0.0,10,2.5353341817855837,0.2388807877048682,10,2.6194679777818237,1.438294092913202,0.3882653515534913,1.0500287413597107,0.5881436591117195,0.08413379599624,0.5040098631154795,5.164291227330185,4.982517488548005,1.0364823082307235,1.9026343069311151,0.5015690572655702,10.0,1.1620510476390202,9.0,0.1790723033115756,Li23O48V12Ga12,O,4.340843873281065,5.299433084409127,5.0071479453978665,1.058373577573218,1.5145804352377343,0.4930767361912156,10.0,1.7991878519696227,11.0,0.7834457222211211,6.955472192633534,4.982517488548005,-0.12030498800489099,9.45213115306355,0.9,8.430041396276525,9.776345100245814,1.346303703969289,0.5015690572655702,0.9273047314953011,-0.02266243260887535,6.883493818600342,8.033684393749859,1.1501905751495167,0.0,0.13702918948016035,0.015265914334364528,0.8728571428571429,1.08,0.20714285714285718,0.7123458808207497,0.0,0.01835551047179418,-1.8012062518924847,-0.9630693513283571,0.8381369005641276,0.0,0.5015690572655702,0.008052916756263628,5.702007137759264,9.702906880077895,4.000899742318632,0.49307673619121567,0.0,-0.040587674959234654,6.899624462816699,8.37398332532019,1.4743588625034905,0.49307673619121567,0.8279595402351094,-0.013098628474426555,0.8400000000000001,1.0815789473684212,0.24157894736842112,0.6604167547249036,1.0,0.005362219849137317,-1.7667314860868726,-0.49490242053850386,1.2718290655483688,0.0,0.49307673619121567,0.00588264604141675
delta_bvse,largest_help,nebDFT2k:mp-774843_2_0_0_1_0,2.884331560134888,0.4540235397607384,10,3.3858558177947997,0.4924339567731893,10,4.880530168672959,0.0,10,4.3876912832260135,0.4286109781363421,10,3.67574452515413,0.7914129650192421,0.2898887073593301,0.5015242576599119,1.2047856435188296,0.7119467580718837,0.4928388854469459,5.683157486856144,5.269499267117189,1.0785004796034932,1.8761021829757492,0.4189192200057937,7.0,1.088668567689405,4.0,0.4703658471781742,Li15O64V12Co12Sn8,O,11.480077572003148,5.788599849940695,5.188555749430123,1.1156476155385775,1.4727037667819625,0.3360933307805004,10.0,1.943278704205017,6.0,1.2514282581067997,5.16805677220769,5.269499267117189,0.1818201115697819,11.480619852105903,0.8533333333333333,10.168430728794595,12.811905857860536,2.6434751290659406,0.4189192200057937,1.0,-0.5669803924126748,5.841722189680232,7.140240243765171,1.2985180540849388,1.0,0.7431524581345422,-0.2128005050425883,0.7578947368421053,0.9458333333333334,0.18793859649122813,1.0,0.0,0.023421951238566108,-1.8876192645642391,-1.2025842598861516,0.6850350046780875,0.8738026922284408,0.4189192200057937,0.12506441547901748,5.289804566978268,12.036776103468249,6.746971536489981,0.3360933307805004,1.0,-1.17290331181501,5.465890629165145,7.285655274385274,1.819764645220129,0.5029140308000353,0.6691300853941705,-0.25791797339105527,0.7895000000000001,0.9599999999999999,0.17049999999999976,1.0,0.1678038133850519,0.015353346318755456,-1.8661676888299785,-0.03645719198336547,1.8297104968466131,1.0,0.3360933307805004,0.3147765766644084
delta_bvse,largest_help,nebDFT2k:mp-772542_0_2_0_0_0,0.4282382667064667,0.0644272844396775,10,0.3217108517885208,0.0462269998646402,10,1.1206995309941332,0.0,10,0.6359015345573426,0.1792102647540008,10,0.2468707869637113,0.1813674797427553,0.0748400648248094,0.1065274149179458,0.8738287440304219,0.3890307475936312,0.4847979964367906,2.6290493668172203,2.6157074162595864,1.0051007044880855,2.0146134511748226,0.5000151412216526,5.0,0.7828773575441581,2.0,0.0558273992695833,Li15C8O56Si8V8,O,2.059098182262841,3.1131658548292145,3.0330488202749226,1.0264146867728392,1.8340565249729963,0.500340379574995,6.0,1.0505766731430994,2.0,0.365588492308163,10.683990200958842,2.6157074162595864,,13.164668898063107,0.7313333333333334,12.41235623967661,15.22203488913517,2.8096786494585597,0.0,0.5000151412216526,-0.00043155234655767316,5.972506394339741,6.562205866248957,0.5896994719092152,0.5000151412216526,1.0,-0.0001064714346412643,0.7229411764705883,0.7408333333333333,0.017892156862745034,0.5000151412216526,0.0,1.0191699650885511e-07,-1.8283229312896694,-1.7893233774072845,0.03899955388238485,0.0,0.7762376788401892,-0.01035731466497869,11.397838494120736,12.299612076624985,0.9017735825042497,0.500340379574995,0.0,0.00013989439905248702,5.384466888238313,6.728773957056069,1.3443070688177565,0.500340379574995,0.0,-0.00038527469832017047,0.7313333333333334,0.8492307692307691,0.11789743589743573,0.500340379574995,1.0,-0.0016717070246455856,-1.8872023578607695,-1.7893631971734203,0.09783916068734921,1.0,0.7477039012469131,-0.0001137793604255588
delta_bvse,largest_help,nebDFT2k:mp-754292_7_5_0_1_0,0.3283775359392166,0.0594965444781117,10,0.3789915144443511,0.1079285260987322,10,1.01499786923178,0.0,10,0.5346361815929412,0.1162038218009678,10,0.4781686399203407,0.1497911039811241,0.0991771254759896,0.0506139785051345,0.5368292293114393,0.0564675416726004,0.4803616876388388,2.938031097194266,2.9137917879641946,1.0083188199411486,1.9429170279957768,0.5002653463884057,6.0,0.8931006141987724,2.0,0.1496973156089626,Li23B8O56Cr8As8,O,1.7942423222820818,3.2849877011023847,3.1373723099956123,1.0470506451008292,1.789684469212525,0.5006006646593805,8.0,1.1562145380999769,0.0,0.4832190594720982,11.430329195682702,2.9137917879641946,-0.39604121807174864,11.876195264598032,0.7821428571428573,11.897491887551556,13.268620281575565,1.3711283940240087,0.0,0.5002653463884057,-0.0023128663391593918,6.3006595744016085,7.480553491416478,1.1798939170148692,0.5002653463884057,1.0,0.0010510448683356266,0.7740000000000001,0.857857142857143,0.08385714285714285,0.5002653463884057,0.0,3.6494862945268824e-05,-1.6806188824217347,-1.4980430797774626,0.1825758026442721,0.0,0.5002653463884057,-0.00021509871560698723,10.244221060226462,12.343793789957932,2.09957272973147,0.5006006646593805,1.0,-0.0009268290663113632,6.421429758231999,7.606550984867048,1.185121226635049,0.5006006646593805,1.0,0.0004034024457424401,0.7915384615384615,0.8988888888888888,0.10735042735042732,0.5006006646593805,0.0,0.0016419413418905515,-1.7506535738299864,-1.523054540512189,0.22759903331779752,0.0,0.5006006646593805,-5.5480928030426924e-05
delta_bvse,largest_help,nebDFT2k:mp-757461_1_2_0_1_0,0.5625219166278839,0.1149537433919516,10,0.4552302449941635,0.0931115309137737,10,1.325786962923469,0.0,10,0.8733309030532836,0.1520210089866206,10,0.1980760831921485,0.3644458334357353,0.257154161802015,0.1072916716337203,1.1277108797313204,0.6752548198611351,0.4524560598701853,2.94726976104242,2.6906275874113357,1.0953837591020914,2.0666708279564845,0.3988433100520736,10.0,0.8268435882350931,3.0,0.0945587846652582,Li31O80Si16Cr16,O,2.5729842200908264,3.0615264729502387,2.880874044850848,1.062707506571584,1.7956372662007043,0.5020521378024326,7.0,1.1989930418857444,2.0,0.4829545870710743,11.357356379278295,2.6906275874113357,,12.325109125932075,0.8452941176470589,11.469750948585217,13.060980628334207,1.5912296797489898,0.0,0.39884331005207363,-0.03309227398682246,7.415433245018393,7.839875668011937,0.4244424229935433,0.0,0.39884331005207363,-0.05762558136343321,0.8347368421052631,0.8823809523809525,0.04764411027568938,0.39884331005207363,0.7389481758130423,-0.007042192615211995,,,,,,,9.638469747646687,11.505992542160644,1.8675227945139579,0.5020521378024326,1.0,-0.21499536208497716,6.305051868048268,7.857452251502228,1.5524003834539606,0.24939450160568652,1.0,-0.09870696318312921,0.8200000000000001,0.885,0.06499999999999995,0.5020521378024326,0.24939450160568652,0.007364954018083236,-1.7831219546556896,-1.5199004015914817,0.2632215530642079,1.0,0.5020521378024326,0.04672845702656958
delta_bvse,largest_help,nebDFT2k:mp-1020056_0_0_1_1_0,1.5991079449653625,0.5701858306239254,10,2.608033847808838,0.3156535926016508,10,1.1513273858942557,0.0,10,2.533695864677429,0.3079659545375945,10,2.06686851521863,0.4677605702532674,0.5411653325902082,-0.0734047623369407,0.9155411293243744,0.4668273494587991,0.4487137798655751,5.779497694726756,5.181886005588375,1.1153270620955171,2.036745745813577,0.3680214525438304,9.0,0.9294845961703652,2.0,0.3908737415661556,Li15N80Si32Ca48,N,2.135842168248376,6.090845403200019,5.1818860013966805,1.1754109221156823,1.9044703818380069,0.3354263966141676,9.0,1.154280241049072,1.0,0.4775265018339739,7.072575595899682,5.181886005588375,-0.0360196652291937,13.705401707112182,1.0379999999999998,10.25702331877866,13.705401707112186,3.4483783883335253,0.5084313905624165,0.0,0.0080069081752434,8.826988750885329,12.780489532825106,3.953500781939777,0.5084313905624165,1.0,0.005081527023238,0.9991666666666664,1.1095000000000002,0.1103333333333336,0.5084313905624165,0.8505470733230361,0.002864944599813,-1.1886043868368872,-0.7985730669254301,0.3900313199114571,1.0,0.5084313905624165,0.0009331330280321,9.111548007445327,13.050527901331384,3.9389798938860565,0.5043981809591958,1.0,-0.008093713241369649,8.732590154776334,12.79474524834544,4.062155093569105,0.5043981809591958,1.0,-0.0016367591520012326,1.0254545454545452,1.0955555555555554,0.07010101010101022,0.5043981809591958,0.0,0.0004161178877490901,-1.1285368897811532,-0.235835536648657,0.8927013531324962,0.0,0.5043981809591958,0.0012421566174496412
delta_bvse,largest_help,nebDFT2k:mp-34038_3_4_0_1_0,0.6231138497591019,0.229255977893673,10,0.8032440781593323,0.4128616548182827,10,0.4312617984604115,0.0,10,0.7877632230520248,0.4163956359350274,10,1.127756828022612,0.5046429782635101,0.3245127498632797,0.1801302284002304,0.6964950295622006,0.3399936049705871,0.3565014245916134,4.065525369963646,3.8543653081810194,1.054784651920365,2.370623218385838,0.0,4.0,0.3304239333011429,1.0,0.0835835785356786,Li53N9Cl27,N+Cl,0.3315792340371957,4.51024092210686,3.965912190269433,1.1372518365820012,2.374998568602357,0.0,4.0,0.327403580884531,3.0,0.0577090851845624,20.139284878837937,3.8543653081810194,-0.11282579067283412,20.946612326746717,1.1128571428571425,20.157561184594755,22.426659485724816,2.269098301130061,0.0,0.23328122653138214,0.2565895447912876,5.863399913796313,7.472018189452159,1.6086182756558465,0.0,0.8052876887938439,-0.29333475252084984,1.1175,1.188235294117647,0.07073529411764712,0.5164384817128834,1.0,0.008422142621562934,-0.7348510517719176,-0.6057474155918132,0.12910363618010434,0.0,1.0,-0.026065696739119015,18.105750468949992,20.26693981972219,2.1611893507721973,0.496942718649221,1.0,0.0578186170790147,5.727592766290861,7.1317013969182685,1.404108630627408,0.24843416136997243,0.7485786442655541,-0.4165744515313503,1.094285714285714,1.1788888888888889,0.08460317460317479,0.496942718649221,1.0,-0.0008356961686403208,-0.7351010038319999,-0.5239456799319718,0.2111553239000281,0.0,0.496942718649221,-0.05067276134240323
delta_bvse,largest_help,nebDFT2k:mp-1177943_4_7_0_0_0,1.0555197715759277,0.1999589652971413,10,0.8269593298435212,0.1294429153888952,10,0.5350248380913609,0.0,10,0.873631888628006,0.1918462992850371,10,0.9865845381363554,0.0689352334395723,0.1596252082928342,-0.0906899748532619,0.4515597000449944,0.1129526495083493,0.3386070505366451,3.3889419910477896,3.1270460324120997,1.083751871869207,2.069037641235981,0.2466342036182093,10.0,0.8900739758675627,1.0,0.1632066713101154,Li63O64Fe32,O,0.5915775031037729,3.499424431274897,3.137262234529019,1.1154389304024015,1.880548321366935,0.2558541481758972,10.0,1.1999824152831104,2.0,0.1575646219821993,9.571090361994882,3.1270460324120997,-0.07707530195827327,10.593595979078968,0.956470588235294,10.556696611754811,11.49156340779796,0.9348667960431492,1.0,0.5248518335864063,-0.02194346248514023,9.524756465809569,10.206945758618938,0.6821892928093689,0.2466342036182093,0.0,-0.03190644102314977,0.9749999999999999,1.1047058823529412,0.12970588235294134,0.5248518335864063,0.0,0.020047246445749956,-0.6436309427267055,-0.5708932759537868,0.07273766677291871,1.0,0.5248518335864063,-0.003844822368316181,8.806545728268748,9.584282785872922,0.777737057604174,0.5103603702226254,1.0,-0.013545172022767282,8.954033854920988,9.85469316037226,0.9006593054512724,0.25585414817589724,0.5103603702226254,-0.15606839992936195,0.9314285714285714,1.08,0.1485714285714287,0.5103603702226254,1.0,0.005438631502157509,-0.7409939731140255,-0.5020981738900686,0.23889579922395687,1.0,0.5103603702226254,-0.016968541979912655
delta_bvse,largest_help,nebDFT2k:mp-755369_6_3_0_0_1,1.190678858757019,0.2968545908006701,10,2.288680601119995,0.2529408992489768,10,2.1413957088918796,0.0,10,2.7357789993286135,0.2439150644860073,10,2.6072857484934957,1.4166068897364767,0.3186051473735007,1.098001742362976,0.4658900396016161,0.1284932508351177,0.3373967887664983,5.260498210043063,5.096976633508874,1.0320820730193572,1.9170099992283849,0.3039292927052143,7.0,1.0933942715349123,8.0,0.189014424797355,Li23O48V12Ga12,O,4.616648929042725,5.29816512334077,5.0033694329052,1.0589194330718044,1.5165611242618562,0.5048929636771381,11.0,1.8307353993581543,11.0,0.7816009243115589,5.99975596580129,5.096976633508874,-0.19961506581924898,9.838455981600303,0.8959999999999999,8.513569514002198,10.051725584096786,1.5381560700945887,0.5024474709272455,0.8879504810243782,-0.05603994356142028,7.209172559727717,7.845919678688385,0.6367471189606677,1.0,0.8879504810243782,0.02015938317450683,0.8586666666666666,1.0240909090909092,0.16542424242424258,0.30392929270521435,0.0,-0.008886703041210198,-1.7473004085909174,-1.0353759938581069,0.7119244147328105,0.0,0.5024474709272455,0.0002059820410037494,5.659292194025046,9.68463865353267,4.025346459507624,0.5048929636771381,0.0,-0.006109919774530681,6.819896144757595,8.37022540996506,1.5503292652074654,0.5048929636771381,0.16697742986961694,-0.010078048995850963,0.88,1.0815789473684212,0.2015789473684212,0.3370049427302293,0.0,0.004814543071140709,-1.7704026659210261,-0.48840010694893643,1.2820025589720898,1.0,0.5048929636771381,0.004779048235457828
delta_bvse,largest_help,nebDFT2k:mp-760344_10_9_0_0_1,1.937875843048096,0.2353983100744203,10,2.8817732095718385,0.3668284733584549,10,1.265184225330535,0.0,10,2.042762541770935,0.2779532221059586,10,1.8200701331357576,0.1178057099123379,1.0617030764360806,-0.9438973665237428,0.5548859078052228,0.2226924086351771,0.3321934991700457,6.2687649937701675,5.404150968804928,1.159990723789206,1.9898510618022651,0.7019960572220975,11.0,1.0663982966281644,4.0,0.501940484081691,Li7C4O28Na4P4Co4,O,2.421132395675313,6.592542532138372,5.587874354422952,1.1797943393126225,1.8653143532312093,0.3239164992927507,9.0,1.2255376571595604,5.0,0.5812260720415018,7.035073348591253,5.404150968804928,-0.09063938365418824,12.27551070056388,0.8275,9.663871677392676,12.663607770864855,2.9997360934721797,0.5521095693153931,0.8546971998831222,0.30730782513999433,7.2586207841891355,8.419858691980021,1.1612379077908859,1.0,0.8546971998831222,0.048498587629635104,0.85,0.928,0.07800000000000007,0.4008120623887745,0.7019960572220975,-0.020035482193844822,-1.8590551217503766,-1.2117393824147227,0.6473157393356539,1.0,0.4008120623887745,0.010071252644430095,8.85287750077947,11.815239666791426,2.962362166011955,0.4901987836958154,0.0,-0.12106220068566387,6.874278813370441,8.492245354578165,1.617966541207724,1.0,0.6550620169497797,-0.21031277587655106,0.847857142857143,0.9345454545454547,0.0866883116883117,0.1603876285235596,0.6550620169497797,-0.017489945101743787,-1.8637873207185651,-0.6432176370480633,1.2205696836705018,1.0,0.4901987836958154,0.062133274481218526
delta_bvse,largest_help,nebDFT2k:mp-759229_3_6_0_1_0,0.4014610886573792,0.0809326419542264,10,0.6706706166267395,0.1296193541308165,10,0.9545669005758168,0.0,10,0.6098335653543472,0.135940896466984,10,0.6168773205714331,0.2154162319140539,0.0537932960553064,0.1616229358587474,0.3376895800043836,0.0070437552170858,0.3306458247872977,2.9217071353526043,2.868324501851619,1.0186110858330446,1.9466638214664589,0.4864209975695936,8.0,0.937727599016316,1.0,0.1654031149018088,Li31O64F16P16Fe16,O+F,1.6428208980018253,3.1270342495807575,3.032574743673365,1.0311482861566583,1.7743482846107042,0.4953711255095187,8.0,1.2568286134273794,2.0,0.5124892422349057,10.114326630795636,2.868324501851619,,11.758123397040135,0.8213333333333334,11.245985557565584,12.528672274561654,1.2826867169960696,0.754801410575489,0.4864209975695936,0.14646310969659737,6.698760818803535,7.582689941343676,0.8839291225401409,0.754801410575489,0.4864209975695936,0.10968787269451719,0.81125,0.9313333333333333,0.12008333333333332,0.4864209975695936,0.754801410575489,-0.005876623138379222,,,,,,,8.96627813323707,11.224396262642982,2.2581181294059114,0.4953711255095187,0.0,0.12383699735752796,6.1354819825917115,6.820404336358406,0.6849223537666944,0.4953711255095187,0.0,0.07650929557414399,0.755,0.9089473684210526,0.1539473684210526,0.4953711255095187,0.0,-0.0021306161354992526,-1.6212214680987989,-1.2706659678640142,0.35055550023478466,0.0,0.4953711255095187,-0.007056211563209902
