scenario,method,seed,best_epoch,trained_epochs,mae,rmse,median_ae,r2,spearman
affine_bvse,affine_em_bvse,23,0,0,0.29624300970482514,0.4371176101503546,0.19927429125621104,0.7254137526975013,0.6930098104957089
affine_bvse,affine_em_bvse,35,0,0,0.29624300970482514,0.4371176101503546,0.19927429125621104,0.7254137526975013,0.6930098104957089
affine_bvse,affine_em_bvse,41,0,0,0.29624300970482514,0.4371176101503546,0.19927429125621104,0.7254137526975013,0.6930098104957089
affine_bvse,affine_em_bvse,59,0,0,0.29624300970482514,0.4371176101503546,0.19927429125621104,0.7254137526975013,0.6930098104957089
affine_bvse,affine_em_bvse,71,0,0,0.29624300970482514,0.4371176101503546,0.19927429125621104,0.7254137526975013,0.6930098104957089
affine_bvse,affine_em_bvse,87,0,0,0.29624300970482514,0.4371176101503546,0.19927429125621104,0.7254137526975013,0.6930098104957089
affine_bvse,affine_em_bvse,93,0,0,0.29624300970482514,0.4371176101503546,0.19927429125621104,0.7254137526975013,0.6930098104957089
affine_bvse,affine_em_bvse,155,0,0,0.29624300970482514,0.4371176101503546,0.19927429125621104,0.7254137526975013,0.6930098104957089
affine_bvse,affine_em_bvse,201,0,0,0.29624300970482514,0.4371176101503546,0.19927429125621104,0.7254137526975013,0.6930098104957089
affine_bvse,affine_em_bvse,803,0,0,0.29624300970482514,0.4371176101503546,0.19927429125621104,0.7254137526975013,0.6930098104957089
bvse_calibrated_delta,positional,23,18,38,0.25940477218140257,0.42078179707560553,0.15532681345939636,0.7455537442969924,0.7901061066250429
bvse_calibrated_delta,positional,35,36,56,0.2676429357718338,0.4506174944926883,0.14464064687490463,0.7081912748561219,0.7386677786355464
bvse_calibrated_delta,positional,41,69,89,0.2449375909160484,0.4055779681429916,0.1484605073928833,0.7636090278920828,0.789864929590957
bvse_calibrated_delta,positional,59,36,56,0.2610532055524262,0.42510710777405253,0.15941350162029266,0.7402958383374763,0.7485244811594529
bvse_calibrated_delta,positional,71,84,100,0.258989956704053,0.4272507845334835,0.16178281605243683,0.7376700273415204,0.7321424747693885
bvse_calibrated_delta,positional,87,18,38,0.26042208150029184,0.40923756060091565,0.16529028117656708,0.759323797293377,0.7634143455255461
bvse_calibrated_delta,positional,93,83,100,0.2586979669603435,0.4347481801307909,0.15271230787038803,0.7283825162097783,0.7752883699700782
bvse_calibrated_delta,positional,155,33,53,0.25633837269111115,0.4123575364216522,0.14501507580280304,0.755640038008649,0.7765889227613644
bvse_calibrated_delta,positional,201,54,74,0.26999052851037547,0.4395044007272138,0.158504419028759,0.7224069221265361,0.7372218434265171
bvse_calibrated_delta,positional,803,31,51,0.27088277637958524,0.43828790542545704,0.17724595218896866,0.7239414839233957,0.7508505998433476
bvse_path,positional,23,56,76,0.2847109959884123,0.45522250853794777,0.1546897143125534,0.7021966138213953,0.6950575612944669
bvse_path,positional,35,16,36,0.30790413746779616,0.46865956104449696,0.18463131040334702,0.6843562901649594,0.7166507948135667
bvse_path,positional,41,66,86,0.3333652214570479,0.5087326009051718,0.19246023893356323,0.628069910392665,0.6910792672275347
bvse_path,positional,59,30,50,0.2985936867919835,0.4698932902959274,0.18415744602680206,0.6826922616215034,0.7374292105960115
bvse_path,positional,71,17,37,0.3143779248676517,0.505110709079299,0.1903049349784851,0.6333469273677435,0.7018217882037382
bvse_path,positional,87,17,37,0.32171405757015403,0.49939402782233355,0.1879810318350792,0.6415992869514455,0.7341947335500921
bvse_path,positional,93,41,61,0.3050842913714322,0.4758473344283693,0.17189568281173706,0.6746000679096975,0.6835734772882235
bvse_path,positional,155,16,36,0.30664759942076425,0.48973524088230397,0.17766715586185455,0.6553288847650645,0.7243391580216721
bvse_path,positional,201,55,75,0.30122046172618866,0.4476332261802561,0.19223347306251526,0.7120435528349234,0.697302536303342
bvse_path,positional,803,35,55,0.3202364535494284,0.4863381663342681,0.20905572921037674,0.6600939596975637,0.6960200154398382
bvse_scalar_path_fusion,positional,23,65,85,0.27801327244801954,0.4446253618622938,0.1741095744073391,0.7159003886796959,0.7699080935180854
bvse_scalar_path_fusion,positional,35,48,68,0.2831309512257576,0.46533143204497696,0.18339893966913223,0.6888233833878301,0.7698551247302254
bvse_scalar_path_fusion,positional,41,38,58,0.26206970688971604,0.4166988768801793,0.15465009212493896,0.750467661804051,0.7633839166474139
bvse_scalar_path_fusion,positional,59,41,61,0.2615406685932116,0.4178564915571981,0.15782532840967178,0.7490793041597188,0.7761336165848656
bvse_scalar_path_fusion,positional,71,28,48,0.2666020289740779,0.4264213926434124,0.17829632759094238,0.7386875242254249,0.7761685534449434
bvse_scalar_path_fusion,positional,87,30,50,0.27426995187997816,0.4257405317410744,0.16783303022384644,0.7395213257747857,0.77623504617864
bvse_scalar_path_fusion,positional,93,23,43,0.25258853242478585,0.4188835115022749,0.14959163963794708,0.7478443478698368,0.785054912855074
bvse_scalar_path_fusion,positional,155,37,57,0.25558775819160723,0.41176386414983907,0.1423705816268921,0.7563431429228336,0.7730028231236934
bvse_scalar_path_fusion,positional,201,36,56,0.2844152821058577,0.44698741873421527,0.16380837559700012,0.7128738320008181,0.7486146407983636
bvse_scalar_path_fusion,positional,803,37,57,0.27657006233930587,0.4479919967858192,0.16374973580241203,0.7115817832269942,0.7572102353730072
dft_path,crystal,23,14,34,0.5446632488207384,0.8631853874214765,0.29760223627090454,-0.07075555382174081,0.25023786682018656
dft_path,crystal,35,17,37,0.5271435321732001,0.8490136784144475,0.31198926270008087,-0.03588501499361674,0.22858474322943925
dft_path,crystal,41,12,32,0.5361928338354284,0.8502550430756438,0.29388271272182465,-0.03891641758499298,0.2064065803068816
dft_path,crystal,59,23,43,0.5299005351283333,0.8717864438771629,0.29041464626789093,-0.09220057120531466,0.2609748662130508
dft_path,crystal,71,7,27,0.5355034669691866,0.8473008833662212,0.30680811405181885,-0.031709654619858085,0.21834384962499703
dft_path,crystal,87,31,51,0.5381369833241809,0.8679210430866143,0.3007831275463104,-0.08253665979936997,0.22139500706911833
dft_path,crystal,93,41,61,0.5144523718140342,0.8446662694810871,0.24518461525440216,-0.02530359346676825,0.2674700899091152
dft_path,crystal,155,17,37,0.540949430248954,0.8661857520628088,0.3049883246421814,-0.07821221521113064,0.22137315538819938
dft_path,crystal,201,42,62,0.5175048265944827,0.8208615403448791,0.29401399195194244,0.03167310877691243,0.2683147486925686
dft_path,crystal,803,28,48,0.5317686605182561,0.8369848258518998,0.30136099457740784,-0.0067400483205379835,0.23752703032068323
dft_path,midpoint,23,25,45,0.34238537956367837,0.5577889728671619,0.21481487154960632,0.5528821329431282,0.6529789308193821
dft_path,midpoint,35,24,44,0.3390145153484561,0.5446447851434633,0.20649173855781555,0.5737063380521534,0.6432450708034915
dft_path,midpoint,41,9,29,0.35685040178624067,0.5625716721299511,0.21908295154571533,0.5451817363289934,0.6391236483097884
dft_path,midpoint,59,34,54,0.34031807190992613,0.5784893603924165,0.19281217455863953,0.519079900985421,0.6511892619870058
dft_path,midpoint,71,74,94,0.3785762880336155,0.6304736962230875,0.19777032732963562,0.4287632748259429,0.6203772053892924
dft_path,midpoint,87,27,47,0.36273557503115045,0.5844798577918014,0.22105740755796432,0.50906807528811,0.6265756805643993
dft_path,midpoint,93,59,79,0.3512876964428208,0.593315340147882,0.20294886827468872,0.49411321984094714,0.6404129311462107
dft_path,midpoint,155,22,42,0.36547323776917023,0.5655136127323892,0.22711223363876343,0.5404123993300871,0.6573663242478713
dft_path,midpoint,201,40,60,0.36232767592776904,0.5962313098263072,0.19713912159204483,0.4891284322376048,0.6192107650608859
dft_path,midpoint,803,30,50,0.3228046188300306,0.516374787659943,0.1859082281589508,0.6168117045096582,0.6811098651549901
dft_path,positional,23,52,72,0.29760524332523347,0.4856300588600929,0.17738492786884308,0.6610830442572413,0.757168536540011
dft_path,positional,35,51,71,0.2721499814228578,0.44261556828862186,0.15935932472348213,0.7184629554957253,0.8094870480043727
dft_path,positional,41,36,56,0.27974683872678063,0.4415122924024475,0.1754576489329338,0.7198647403995895,0.7618331708581506
dft_path,positional,59,50,70,0.27620043605566025,0.435135202621872,0.1750863939523697,0.7278987011140154,0.7731560945098415
dft_path,positional,71,45,65,0.28962006318298256,0.4527936409168612,0.1685917153954506,0.7053660323635256,0.7545753199258437
dft_path,positional,87,50,70,0.3191677925261584,0.6079084998668878,0.15213945508003235,0.46892163706810974,0.7221167229225246
dft_path,positional,93,30,50,0.3028404868461869,0.47911851492615803,0.1943577527999878,0.670110810319189,0.7760693778421417
dft_path,positional,155,30,50,0.32535219233144413,0.5030082733454632,0.21025048196315765,0.6363928347818936,0.7318911547759251
dft_path,positional,201,42,62,0.302686536650766,0.4653733551024049,0.198227196931839,0.6887673112554857,0.7266686576920259
dft_path,positional,803,27,47,0.30049743286587977,0.4604847375482106,0.1919536367058754,0.6952717925057957,0.7368724748257384
dft_path,trajectory,23,47,67,0.35557139163667506,0.5813551151246571,0.2084377557039261,0.5143032781257175,0.6360875224694724
dft_path,trajectory,35,24,44,0.33725160400975834,0.5378120323008467,0.18369102478027344,0.5843352416425094,0.6168914083499095
dft_path,trajectory,41,25,45,0.3686502681537108,0.5768723745124261,0.21389902383089066,0.5217646666412781,0.6380552565886973
dft_path,trajectory,59,34,54,0.3673189821568402,0.5812676833565206,0.2062327116727829,0.5144493579616808,0.6249178702039297
dft_path,trajectory,71,21,41,0.3367689551277594,0.5763988573489632,0.18826258182525635,0.5225494492322633,0.6504398099885609
dft_path,trajectory,87,26,46,0.38260624462907966,0.6040854126955,0.231845885515213,0.47558045001694216,0.5945453418459059
dft_path,trajectory,93,20,40,0.3520905940370126,0.5726238543418528,0.1874774545431137,0.5287828936491155,0.6393997622039523
dft_path,trajectory,155,60,80,0.35262853706424885,0.5818781964247673,0.19547754526138306,0.5134288619129852,0.6299746989513306
dft_path,trajectory,201,33,53,0.3718002040277828,0.6026210302463504,0.20943772792816162,0.4781198921621761,0.6211694832162197
dft_path,trajectory,803,42,62,0.3557779229500077,0.5641780958406413,0.2073373794555664,0.542580560203551,0.613580295610916
