outcome,variable,bin,n,variable_mean,mean_improvement,median_improvement,fraction_helped,mean_ci_low,mean_ci_high
delta_pos,dft_barrier,"(0.0487, 0.389]",55,0.23785980805707513,0.04978287704385158,0.021495461463928278,0.6,0.006894899807412996,0.10635909853073607
delta_pos,dft_barrier,"(0.389, 0.624]",55,0.4970045470831939,0.022509757683045754,-0.0057561706141995295,0.45454545454545453,-0.012592766832922464,0.059094288854536145
delta_pos,dft_barrier,"(0.624, 1.046]",55,0.8098357908780803,0.04055308432789183,0.04450553953647607,0.6181818181818182,-0.005132892950966315,0.085835290671101
delta_pos,dft_barrier,"(1.046, 4.538]",55,2.047445529004462,0.10893672261715895,0.04420082569122319,0.5636363636363636,-0.024142708837894943,0.24776001242348655
delta_pos,affine_bvse_absolute_error,"(0.00181, 0.102]",55,0.06022981103629655,0.007484086540332344,-0.005603671073913574,0.4909090909090909,-0.05157240572835911,0.06410375985930984
delta_pos,affine_bvse_absolute_error,"(0.102, 0.199]",55,0.14670629343582497,0.03782633551671923,0.005382424592971835,0.5454545454545454,0.00044834230952574505,0.0770767283919428
delta_pos,affine_bvse_absolute_error,"(0.199, 0.352]",55,0.27112069840307057,0.07518353020241163,0.04094007611274725,0.6181818181818182,0.014832786370021571,0.14473150840706464
delta_pos,affine_bvse_absolute_error,"(0.352, 2.192]",55,0.7069152318467173,0.1012884894124849,0.048531019687652666,0.5818181818181818,-0.015369845222085133,0.23031081545720009
delta_pos,dft_path_length,"(0.257, 3.015]",55,2.604957279237055,0.02780260137304448,0.016336053609848022,0.5818181818181818,-0.0053637830276650105,0.06090770433626597
delta_pos,dft_path_length,"(3.015, 3.598]",55,3.3622486628468637,0.03370407902983288,0.035231012105941706,0.5636363636363636,0.010534663834129302,0.0579267812983849
delta_pos,dft_path_length,"(3.598, 5.085]",55,4.2044371828726534,-0.010124390912718982,-0.007481426000595037,0.4909090909090909,-0.05992967994540924,0.03781144300166242
delta_pos,dft_path_length,"(5.085, 18.028]",55,6.042377754231097,0.17040015218178978,0.10114487409591677,0.6,0.03414987400258255,0.30785176388206176
delta_pos,dft_tortuosity,"(0.9999999999999999, 1.026]",55,1.0127183597437792,0.017154187216965915,0.0013083100318908025,0.509090909090909,-0.0232042718425776,0.05567236030562396
delta_pos,dft_tortuosity,"(1.026, 1.054]",55,1.038691533497255,0.10818827492020654,0.0361614763736724,0.6363636363636364,0.019475439703757744,0.2061500863089406
delta_pos,dft_tortuosity,"(1.054, 1.102]",55,1.077586958733327,0.041384797983258254,0.010458257794380144,0.5272727272727272,-0.0007796589749818089,0.08773300219134386
delta_pos,dft_tortuosity,"(1.102, 9.998]",55,1.3783638758117374,0.05505518155151746,0.021495461463928278,0.5636363636363636,-0.05199522507240477,0.16790453915257422
delta_pos,dft_bottleneck_mean_k_distance,"(1.8350000000000002, 1.97]",55,1.922627994301495,0.18455205368117295,0.1179038196802139,0.6363636363636364,0.08196981339169981,0.2943611310443276
delta_pos,dft_bottleneck_mean_k_distance,"(1.97, 2.014]",55,1.9934621231930312,-0.009562086731749261,-0.000857493188709757,0.4909090909090909,-0.0821698718499236,0.06138323710435453
delta_pos,dft_bottleneck_mean_k_distance,"(2.014, 2.069]",55,2.0417767632002564,-0.014611474305680435,0.016431224346160844,0.5454545454545454,-0.0712673682077559,0.038448587902359194
delta_pos,dft_bottleneck_mean_k_distance,"(2.069, 2.539]",55,2.1667839464496383,0.06140394902820483,0.020239758491516102,0.5636363636363636,0.014274746435361437,0.11753109429666467
delta_pos,dft_coordination_range,"(-0.001, 2.0]",91,1.6373626373626373,0.07003701055977953,0.021383288502693165,0.5604395604395604,0.026201885216579953,0.1234081777875361
delta_pos,dft_coordination_range,"(2.0, 3.0]",37,3.0,0.008253167021127961,0.05653074979782102,0.5945945945945946,-0.06915139175807872,0.0769095822525245
delta_pos,dft_coordination_range,"(3.0, 5.0]",54,4.481481481481482,-0.02259673048158802,-0.007492716610431632,0.42592592592592593,-0.10391415156859711,0.0630931222958706
delta_pos,dft_coordination_range,"(5.0, 11.0]",38,7.394736842105263,0.17735585782213756,0.048583611845970154,0.7105263157894737,0.06104853674826199,0.3034403538393015
delta_pos,bvse_path_length,"(2.113, 3.404]",55,3.1023481387482104,0.0367147060645954,0.023929506540298462,0.6363636363636364,0.0037572217399016008,0.06828038734754294
delta_pos,bvse_path_length,"(3.404, 3.921]",55,3.61298846461734,0.018009232652094934,-0.000857493188709757,0.4909090909090909,-0.007717598788830619,0.046190543154409375
delta_pos,bvse_path_length,"(3.921, 5.291]",55,4.472267847663513,0.0066844601852756305,0.020239758491516102,0.5272727272727272,-0.03996826177980355,0.05104924210736187
delta_pos,bvse_path_length,"(5.291, 17.94]",55,6.250125751367839,0.16037404276998218,0.10114487409591677,0.5818181818181818,0.021139739312015515,0.3018079765809463
delta_pos,bvse_tortuosity,"(0.999, 1.068]",55,1.0333729487876793,0.09724839453222558,0.035231012105941706,0.5454545454545454,0.014988000741700572,0.1912710917393966
delta_pos,bvse_tortuosity,"(1.068, 1.111]",55,1.0901751158163113,-0.039631582308344904,-0.0057561706141995295,0.43636363636363634,-0.09049055692393357,0.0059194351265420804
delta_pos,bvse_tortuosity,"(1.111, 1.176]",55,1.1370265493120388,0.13214914500876376,0.05181442201137543,0.7272727272727273,0.06682933190566369,0.21312331802524195
delta_pos,bvse_tortuosity,"(1.176, 1.981]",55,1.2667651562503515,0.03201648443930367,0.016336053609848022,0.5272727272727272,-0.06061848934337275,0.12020874820475645
delta_pos,bvse_bottleneck_mean_k_distance,"(1.379, 1.845]",55,1.694512140197636,0.209155787833686,0.13688391683758705,0.7272727272727273,0.0975486199161573,0.33014575181192696
delta_pos,bvse_bottleneck_mean_k_distance,"(1.845, 1.932]",55,1.8917787706706675,-0.055174965707725385,-0.0319884216011021,0.3090909090909091,-0.11036363911051077,-0.008185748253157247
delta_pos,bvse_bottleneck_mean_k_distance,"(1.932, 2.007]",55,1.9678837576437196,0.02395320182006012,0.033767807483673085,0.6181818181818182,-0.032248454424380325,0.08432219613229634
delta_pos,bvse_bottleneck_mean_k_distance,"(2.007, 2.434]",55,2.1092488866484946,0.04384841772592742,0.02506621479988097,0.5818181818181818,-0.00293675521090057,0.09171984117095043
delta_pos,bvse_coordination_range,"(-0.001, 3.0]",100,2.29,0.05003598582042702,0.02556465268135069,0.56,0.00021586360344151223,0.1071917158683616
delta_pos,bvse_coordination_range,"(3.0, 4.0]",32,4.0,0.05891167995477317,0.020811523497104634,0.53125,-0.014091902375516526,0.13155414163845333
delta_pos,bvse_coordination_range,"(4.0, 6.0]",42,5.4523809523809526,-0.024246148578258513,-0.018445785337343035,0.42857142857142855,-0.11490739831590736,0.06298642130964716
delta_pos,bvse_coordination_range,"(6.0, 11.0]",46,9.456521739130435,0.13755652590540346,0.04086668491363529,0.6956521739130435,0.04095233020312919,0.248158073256072
delta_bvse,dft_barrier,"(0.0487, 0.389]",55,0.23785980805707513,0.11914216215755313,0.13342758948827907,0.8363636363636363,0.08025518451445628,0.15585541043049433
delta_bvse,dft_barrier,"(0.389, 0.624]",55,0.4970045470831939,0.0422966308048588,0.06768154189174702,0.6909090909090909,0.0007649844667103424,0.08361981831405431
delta_bvse,dft_barrier,"(0.624, 1.046]",55,0.8098357908780803,-0.0002198165894857995,0.008404823131200612,0.5818181818181818,-0.03428752079956539,0.034469564901097864
delta_bvse,dft_barrier,"(1.046, 4.538]",55,2.047445529004462,0.06287437430549239,0.04482152148163232,0.6363636363636364,-0.022842991155520204,0.1451477443234185
delta_bvse,affine_bvse_absolute_error,"(0.00181, 0.102]",55,0.06022981103629655,-0.07282227973098082,-0.04303216250444519,0.4,-0.11609271810454498,-0.039395761473492566
delta_bvse,affine_bvse_absolute_error,"(0.102, 0.199]",55,0.14670629343582497,0.02515377740441016,0.05502860523750264,0.7090909090909091,-0.0008132523420331879,0.05048601954311609
delta_bvse,affine_bvse_absolute_error,"(0.199, 0.352]",55,0.27112069840307057,0.11773454880907139,0.14084280133886606,0.8363636363636363,0.08507102595105194,0.1485108374601211
delta_bvse,affine_bvse_absolute_error,"(0.352, 2.192]",55,0.7069152318467173,0.15402730419591787,0.19348983555968602,0.8,0.06915274214327041,0.23345999947899757
delta_bvse,dft_path_length,"(0.257, 3.015]",55,2.604957279237055,0.09527727186968911,0.11491239013316124,0.7272727272727273,0.04761206717860255,0.14334239201458682
delta_bvse,dft_path_length,"(3.015, 3.598]",55,3.3622486628468637,0.06927039353915797,0.0647611020327975,0.7636363636363637,0.03672226642602455,0.10086798524242749
delta_bvse,dft_path_length,"(3.598, 5.085]",55,4.2044371828726534,0.008825514683025495,0.022138391826329484,0.5818181818181818,-0.027302785676195374,0.04781033873437137
delta_bvse,dft_path_length,"(5.085, 18.028]",55,6.042377754231097,0.05072017058654602,0.04482152148163232,0.6727272727272727,-0.036569010817690345,0.13577395260459355
delta_bvse,dft_tortuosity,"(0.9999999999999999, 1.026]",55,1.0127183597437792,0.07380400230666705,0.0600930822677791,0.7272727272727273,0.029913189494651146,0.11764338626824287
delta_bvse,dft_tortuosity,"(1.026, 1.054]",55,1.038691533497255,0.08985455410616534,0.06652087523066774,0.7454545454545455,0.042374903574895845,0.13986488593640356
delta_bvse,dft_tortuosity,"(1.054, 1.102]",55,1.077586958733327,0.022187950344908544,0.031214390871705966,0.5636363636363636,-0.027267027279149567,0.07014883690967103
delta_bvse,dft_tortuosity,"(1.102, 9.998]",55,1.3783638758117374,0.03824684392067762,0.07550538498342396,0.7090909090909091,-0.0356238763188561,0.11390527252196189
delta_bvse,dft_bottleneck_mean_k_distance,"(1.8350000000000002, 1.97]",55,1.922627994301495,0.05638725135933578,0.02974630132684508,0.6181818181818182,-0.01784435312950731,0.1329346505151555
delta_bvse,dft_bottleneck_mean_k_distance,"(1.97, 2.014]",55,1.9934621231930312,0.03434417874902316,0.036609158791454766,0.7090909090909091,-0.005470677838179051,0.07206238989247049
delta_bvse,dft_bottleneck_mean_k_distance,"(2.014, 2.069]",55,2.0417767632002564,0.056713049807661425,0.0647611020327975,0.6727272727272727,-0.0010039273497672314,0.10963302265042796
delta_bvse,dft_bottleneck_mean_k_distance,"(2.069, 2.539]",55,2.1667839464496383,0.07664887076239818,0.08620546597561007,0.7454545454545455,0.03670913956583705,0.11591475389065087
delta_bvse,dft_coordination_range,"(-0.001, 2.0]",91,1.6373626373626373,0.09604347727520629,0.08330075985660401,0.7142857142857143,0.060702648350173014,0.13456578930910973
delta_bvse,dft_coordination_range,"(2.0, 3.0]",37,3.0,0.05115138528624034,0.05722774818016996,0.6216216216216216,-0.0026019496621418146,0.10702586105155754
delta_bvse,dft_coordination_range,"(3.0, 5.0]",54,4.481481481481482,0.0044877148242564,0.030480346099275524,0.6666666666666666,-0.06200595683116983,0.06608903657602062
delta_bvse,dft_coordination_range,"(5.0, 11.0]",38,7.394736842105263,0.03816421050443446,0.034930624611312744,0.7105263157894737,-0.036785592892941865,0.1124715175694304
delta_bvse,bvse_path_length,"(2.113, 3.404]",55,3.1023481387482104,0.08446609457440489,0.09492371005650962,0.7090909090909091,0.037360382671742014,0.13180590403162895
delta_bvse,bvse_path_length,"(3.404, 3.921]",55,3.61298846461734,0.06435608395236035,0.05330409551965343,0.7454545454545455,0.0309170359003353,0.09682098829158048
delta_bvse,bvse_path_length,"(3.921, 5.291]",55,4.472267847663513,0.03196437169715134,0.05722774818016996,0.6363636363636364,-0.005410557379763107,0.06954799901383969
delta_bvse,bvse_path_length,"(5.291, 17.94]",55,6.250125751367839,0.043306800454502,0.03344094841870393,0.6545454545454545,-0.04480016009982105,0.12727288050430305
delta_bvse,bvse_tortuosity,"(0.999, 1.068]",55,1.0333729487876793,0.10708285583201083,0.0607957250271155,0.7818181818181819,0.05571867491298619,0.16188767723444702
delta_bvse,bvse_tortuosity,"(1.068, 1.111]",55,1.0901751158163113,0.010169366404045688,0.0351629115048393,0.5818181818181818,-0.04292814395790841,0.05652269152464419
delta_bvse,bvse_tortuosity,"(1.111, 1.176]",55,1.1370265493120388,0.06791324600125839,0.06838431675081869,0.6909090909090909,0.006771355922616189,0.13587671701099224
delta_bvse,bvse_tortuosity,"(1.176, 1.981]",55,1.2667651562503515,0.038927882441103685,0.07066945994198248,0.6909090909090909,-0.011598341789725476,0.08319293773542069
delta_bvse,bvse_bottleneck_mean_k_distance,"(1.379, 1.845]",55,1.694512140197636,0.09639410682425552,0.08617067811769441,0.7090909090909091,0.01500947516764449,0.17537379348634155
delta_bvse,bvse_bottleneck_mean_k_distance,"(1.845, 1.932]",55,1.8917787706706675,0.040193872877957795,0.04855260153765317,0.6545454545454545,-0.02112260048538697,0.09674582565142124
delta_bvse,bvse_bottleneck_mean_k_distance,"(1.932, 2.007]",55,1.9678837576437196,0.05208786024804444,0.048364169433779414,0.7272727272727273,0.022276768897662006,0.0820199481405766
delta_bvse,bvse_bottleneck_mean_k_distance,"(2.007, 2.434]",55,2.1092488866484946,0.03541751072816082,0.0600930822677791,0.6545454545454545,-0.0015785907772402866,0.07174981644735871
delta_bvse,bvse_coordination_range,"(-0.001, 3.0]",100,2.29,0.10301849953089474,0.08618807204665224,0.71,0.06662040378859803,0.14234576505890362
delta_bvse,bvse_coordination_range,"(3.0, 4.0]",32,4.0,-0.011666801954588952,0.04158249381848789,0.59375,-0.0777408968722246,0.04633214469931245
delta_bvse,bvse_coordination_range,"(4.0, 6.0]",42,5.4523809523809526,-0.004810320832286256,0.030678137633594893,0.6904761904761905,-0.07353533152686102,0.05577298109641583
delta_bvse,bvse_coordination_range,"(6.0, 11.0]",46,9.456521739130435,0.05649251025492211,0.04904765969179253,0.6956521739130435,-0.01167636014571815,0.12502016230105212
