outcome,effect,source,midpoint_prediction,midpoint_prediction_sd,midpoint_seeds,positional_prediction,positional_prediction_sd,positional_seeds,affine_bvse_prediction,affine_bvse_prediction_sd,affine_bvse_seeds,bvse_delta_prediction,bvse_delta_prediction_sd,bvse_delta_seeds,dft_barrier,midpoint_absolute_error,positional_absolute_error,delta_pos,affine_bvse_absolute_error,bvse_delta_absolute_error,delta_bvse,dft_path_length,dft_endpoint_displacement,dft_tortuosity,dft_bottleneck_mean_k_distance,dft_bottleneck_path_coordinate,dft_coordination_at_bottleneck,dft_smooth_coordination_at_bottleneck,dft_coordination_range,dft_smooth_coordination_range,composition_family,anion_family,em_bvse,bvse_path_length,bvse_endpoint_displacement,bvse_tortuosity,bvse_bottleneck_mean_k_distance,bvse_bottleneck_path_coordinate,bvse_coordination_at_bottleneck,bvse_smooth_coordination_at_bottleneck,bvse_coordination_range,bvse_smooth_coordination_range
delta_pos,largest_harm,nebDFT2k:mp-760344_10_9_0_0_1,1.9378758430480958,0.23539831007442033,10,2.8817732095718385,0.3668284733584549,10,1.265184225330535,0.0,10,2.042762541770935,0.27795322210595863,10,1.8200701331357578,0.11780570991233796,1.0617030764360806,-0.9438973665237427,0.5548859078052228,0.22269240863517714,0.3321934991700457,6.2687649937701675,5.404150968804928,1.159990723789206,1.9898510618022651,0.7019960572220975,11.0,1.0663982966281644,4.0,0.501940484081691,Li7C4O28Na4P4Co4,O,2.421132395675313,6.592542532138372,5.587874354422952,1.1797943393126225,1.8653143532312093,0.3239164992927507,9.0,1.2255376571595604,5.0,0.5812260720415018
delta_pos,largest_harm,nebDFT2k:mp-1202443_0_6_0_0_1,1.7236428797245025,0.45216534980858475,10,0.9406061708927155,0.1259077299185933,10,0.9472833463384485,0.0,10,1.2075319647789002,0.07824167904575743,10,1.9113331924867794,0.18769031276227688,0.9707270215940639,-0.783036708831787,0.9640498461483309,0.7038012277078791,0.2602486184404518,7.5671730988881505,4.977406996456156,1.5203042677192906,1.9846232010593183,0.0,8.0,0.9170842690191944,5.0,0.4080187427491333,Li15O120Ge56,O,1.6245705508540969,7.845822434175089,4.98741565396895,1.573123833769788,1.9874190476662457,0.1681511462171683,10.0,0.959810836927948,3.0,0.5500785561384797
delta_pos,largest_harm,nebDFT2k:mp-1020056_2_2_1_1_0,1.5922298789024354,0.544522937230159,10,2.2594040513038633,0.3088958221388239,10,1.378566085915626,0.0,10,2.4072279214859007,0.3200497155977646,10,1.4526391147018671,0.13959076420056826,0.8067649366019962,-0.667174172401428,0.07407302878624122,0.9545888067840336,-0.8805157779977923,5.714277095259645,5.181886004443156,1.1027407956022182,2.0514146681868572,0.6026903774600298,10.0,0.9243700106680884,5.0,0.2543929791252475,Li15N80Si32Ca48,N,2.705232472162268,5.537276566797638,5.1818860013966805,1.0685832465834193,1.8489417116981797,0.6618191866650972,10.0,1.2845564637922642,6.0,0.523561010372799
delta_pos,largest_harm,nebDFT2k:mp-26721_0_1_0_0_0,1.415192437171936,0.2186374284912573,10,0.5030007064342499,0.09160572080904532,10,0.49802941860758787,0.0,10,0.3745680510997772,0.10524680755769154,10,1.2890585620700676,0.12613387510186835,0.7860578556358178,-0.6599239805339494,0.7910291434624798,0.9144905109702904,-0.12346136750781067,5.767529559749699,4.943971860280308,1.1665781526965846,2.0018152567465224,0.0962815425615509,7.0,0.8035476750154936,3.0,0.2716706642031019,Li15O64P16Nb8,O,0.4988783583660745,6.227703717146111,4.9238092505207245,1.2648141713628511,2.0342932019652165,0.0,7.0,0.8319187851565389,5.0,0.391280114094622
delta_pos,largest_harm,nebDFT2k:mp-772658_3_3_1_0_0,1.4191061735153199,0.5212036383882392,10,0.8545012414455414,0.13515864591160867,10,1.005878738334525,0.0,10,1.1527736902236938,0.13495672596828198,10,1.7210608815584578,0.30195470804313795,0.8665596401129164,-0.5646049320697785,0.7151821432239329,0.568287191334764,0.1468949518891689,6.815861019375834,5.023898382073052,1.3566876757892046,2.05157092941915,0.6977113117852671,10.0,0.8380158013051269,4.0,0.1291337578660805,Li17O96V24Mn14,O,1.7713925844842044,7.162810056860545,5.024009,1.425716008243724,1.9509939911685188,0.1706935719834948,8.0,0.8860880133162445,6.0,0.1896354561273008
delta_pos,largest_harm,nebDFT2k:mp-772981_1_2_0_0_0,1.7140601217746734,0.3965879624381947,10,1.164497148990631,1.137847669402328,10,1.3535220541769883,0.0,10,1.3690446436405181,0.44386566289315493,10,3.0772073401667797,1.3631472183921063,1.9127101911761486,-0.5495629727840423,1.7236852859897913,1.7081626965262615,0.015522589463529801,6.172118219856882,5.869780699701077,1.0515074643540263,1.9228876812975324,0.5292905399901744,7.0,1.107099687625525,7.0,0.3917391753102639,Li3O32Zn6Ge12,O,2.642479829933849,6.371111389683551,5.891148418927562,1.0814718857216234,1.8188314649169364,0.4970159104833898,7.0,1.4251902617780836,7.0,0.7233294836012616
delta_pos,largest_harm,nebDFT2k:mp-765964_0_6_1_0_0,1.1868966221809387,0.17431138293313642,10,1.6805315017700195,0.2406832688332559,10,1.0243783869852263,0.0,10,1.3561726927757263,0.24038265796588895,10,1.0074282938448391,0.1794683283360996,0.6731032079251804,-0.4936348795890808,0.0169500931403872,0.34874439893088716,-0.33179430579049995,4.530037698165633,4.256614499459573,1.0642348981193326,2.0522411169169583,0.0,8.0,0.7428131465853557,3.0,0.1086950157673646,Li31O112Si32V16,O,1.8177470151623096,4.732139462225401,4.269139463825761,1.1084527695388815,1.8395872951500296,0.5131765779577369,10.0,1.20591259851492,2.0,0.4887264826901557
delta_pos,largest_harm,nebDFT2k:mp-763177_1_3_0_1_-1,0.5448391795158386,0.14305056656626583,10,1.003964638710022,0.24749953550324738,10,0.6471002417036935,0.0,10,0.7579331338405609,0.2055914772374038,10,0.459736825526761,0.08510235398907762,0.5442278131832611,-0.45912545919418346,0.18736341617693253,0.29819630831379995,-0.11083289213686742,2.6316245822025044,2.5082501557883936,1.049187448919078,1.966802793813932,0.4753757359992597,8.0,0.9770901505492272,5.0,0.0817144871773096,Li63O64F32V32,O+F,0.8724040001665392,3.0190916432002513,2.874600156675127,1.0502648989945955,1.8328251849003143,0.4938621921713977,7.0,1.1758498686603829,4.0,0.301354388493728
delta_pos,largest_harm,nebDFT2k:mp-1177804_0_1_0_0_1,1.6483089685440064,0.36505007908896564,10,2.1646708250045776,0.20874800416940764,10,1.788925969929026,0.0,10,2.0314053177833555,0.30224217608054715,10,1.6887457253068874,0.04043675676288094,0.47592509969769026,-0.4354883429348093,0.1001802446221387,0.34265959247646816,-0.24247934785432945,5.083584863143663,4.996194166355374,1.0174914532699275,1.9991569931381612,0.2619111632910431,7.0,0.9309226164908512,7.0,0.1557289240827727,Li47O96V24Co24,O,3.7334681514303054,5.445807564371832,5.096676593547174,1.0685016921157384,1.5545754837428198,0.5043710869031997,10.0,1.6959752775304684,10.0,0.730784798080819
delta_pos,largest_harm,nebDFT2k:mp-1306251_7_5_1_1_0,1.6956409573554994,0.18970851173377692,10,1.0199448823928834,0.11578342311627879,10,0.6322725813562635,0.0,10,1.187491202354431,0.24651415035318064,10,1.5467144388152292,0.14892651854027017,0.5267695564223458,-0.3778430378820756,0.9144418574589657,0.3592232364607981,0.5552186209981675,4.1105392033411,4.108071982072011,1.0006005788797898,2.068282918331473,0.2491920243703554,9.0,0.9065642620038652,3.0,0.1012667851189503,Li71O72Mn12Fe24,O,0.8352504430006114,3.961477645371546,3.956117636354042,1.001354865934281,1.924738101690293,0.7523780624881191,12.0,1.241535762450359,2.0,0.2527662033008468
delta_pos,largest_harm,nebDFT2k:mp-772502_1_2_0_0_0,1.3857452511787414,0.18143234711687514,10,1.0408777177333832,0.14006541996143182,10,1.1696124219404949,0.0,10,1.2886842489242554,0.10365669256669018,10,1.4095782031162116,0.02383295193747026,0.3687004853828284,-0.34486753344535814,0.23996578117571676,0.12089395419195625,0.11907182698376051,4.866945962483257,4.683464472923691,1.0391764452619037,2.019589686105276,0.7208401144973425,7.0,0.8112688469664813,3.0,0.1679272167764308,Li15O96Si32Fe16,O,2.181658845735378,5.191131288866593,4.836316333264197,1.0733647121388603,1.8571506339048856,0.6692538453490995,8.0,1.1194622257337985,2.0,0.3850179378844273
delta_pos,largest_harm,nebDFT2k:mp-761269_2_1_1_-1_0,1.479506778717041,0.36934642189566586,10,2.004548442363739,0.38175387252014115,10,1.5331341735098114,0.0,10,1.7770058393478394,0.16798588871187672,10,1.578548204733437,0.09904142601639587,0.42600023763030226,-0.3269588116139064,0.04541403122362553,0.19845763461440247,-0.15304360339077694,5.3726156269446115,5.236895367277378,1.0259161679103384,1.836675377003642,0.3410861025969735,7.0,1.1335520736233156,5.0,0.1313419574643004,Li31F64Ag16,F,3.0925325683270746,5.668750415482585,5.255075928023864,1.0787190314896709,1.4870873635487187,0.50188176920942,8.0,1.7476181949077594,6.0,0.6584676063703698
delta_pos,largest_harm,nebDFT2k:mp-4117_3_0_1_0_1,1.9852880239486694,0.29037592576163057,10,2.3634687542915342,0.592260613357874,10,3.310082671748379,0.0,10,3.951076698303223,0.3349440926971591,10,2.0165598319364904,0.03127180798782092,0.3469089223550439,-0.31563711436722297,1.2935228398118888,1.9345168663667325,-0.6409940265548437,5.978918479335739,5.351175374935787,1.1173093872684905,1.8615270613594923,0.6030053399418609,8.0,1.1999141298743516,4.0,0.2943920885083487,Li31O80Si32,O,7.545019074174192,6.005912798896224,5.349043079718862,1.122801351454415,1.3803889895141157,0.4997774263449639,12.0,2.0761057943894192,4.0,1.1148022025110456
delta_pos,largest_harm,nebDFT2k:mp-1176649_6_7_0_0_0,0.9342743217945099,0.20010510329029418,10,1.311507773399353,0.24022351548003074,10,0.9110472697612776,0.0,10,0.7823225498199463,0.07866953410893661,10,0.9662818259483572,0.032007504153847344,0.3452259474509958,-0.31321844329714843,0.05523455618707962,0.1839592761284109,-0.12872471994133128,4.453796954254539,4.36648039381139,1.0199970119107606,2.043542786847974,1.0,8.0,0.7699412898940268,3.0,0.1681300357489199,Li15O64F16P16Mn16,O+F,1.5337740859342484,4.598582301785365,4.4298694338711515,1.0380852913235368,1.888702193219186,0.4960600917552787,10.0,1.314450397381144,4.0,0.5386526495081541
delta_pos,largest_harm,nebDFT2k:mp-1178166_8_9_0_0_1,0.628833669424057,0.18688552928891347,10,1.3427943646907807,0.5414554994134755,10,0.7735207629326153,0.0,10,1.0579079389572144,0.24861467304362808,10,0.8422648307995928,0.21343116137553575,0.5005295338911879,-0.2870983725156522,0.06874406786697751,0.21564310815762155,-0.14689904029064405,3.6023073192132795,3.238504355507746,1.1123367220694982,2.0385687353114723,0.0,7.0,0.7600122446346445,1.0,0.1847032871045383,Li7O32K16Nb8,O,1.189174950698816,4.325077910474295,3.3769012293827654,1.2807830660966175,1.9305748701764536,0.4979259120140277,5.0,0.8471721472449272,3.0,0.238502311561919
delta_pos,largest_help,nebDFT2k:mp-1222575_0_2_0_0_0,2.2138043880462646,0.4346348629981434,10,3.832399916648865,0.5502626503581388,10,3.0899913941953017,0.0,10,4.091467690467835,0.2748677877758738,10,4.53782219991362,2.3240178118673556,0.7054222832647552,1.6185955286026004,1.4478308057183185,0.4463545094457855,1.001476296272533,5.688602402443673,5.144914250596203,1.1056748714100466,1.8873739185337888,0.3249394773857368,9.0,1.0407774185394103,2.0,0.3481813044910326,Li7O48Si16Sc2In6,O,6.993538013056706,5.9691955175788145,5.286391369117924,1.1291626178965295,1.6108869368580585,0.4960794780642836,9.0,1.572540467685481,3.0,0.9260276055245829
delta_pos,largest_help,nebDFT2k:mp-755369_2_0_1_0_1,1.1901556074619293,0.3127913373128086,10,2.3815267086029053,0.2543265315117578,10,2.0216303223942713,0.0,10,2.624806118011475,0.25062970726694356,10,2.91840317648834,1.7282475690264107,0.5368764678854347,1.191371101140976,0.8967728540940687,0.29359705847686524,0.6031757956172035,5.195242161078897,5.046731184969457,1.0294271619918545,1.9195947624346177,0.6831047544471744,7.0,1.10227110538184,8.0,0.1750504992788403,Li23O48V12Ga12,O,4.316553699621748,5.316621386735608,5.0462020859965495,1.0535886784022157,1.519382774187333,0.5043815069857405,10.0,1.7892165200633738,10.0,0.7401396956001629
delta_pos,largest_help,nebDFT2k:mp-753126_0_1_1_1_0,2.744223964214325,0.7614692346422162,10,1.0894731819629668,0.0959052209987007,10,1.1377043299945897,0.0,10,1.3974664568901063,0.1269012617286101,10,1.355068565811223,1.3891553984031022,0.2655953838482561,1.123560014554846,0.21736423581663322,0.042397891078883365,0.17496634473774986,9.39886230313241,5.157183661636668,1.82247965552377,2.113650913785139,1.0,10.0,0.7364778111933552,4.0,0.1349778726440963,Li23O80Fe24Sn16,O,2.1017069793997454,8.396641126059501,5.311449661830022,1.580856764284291,1.764032914589949,0.6701127680294594,9.0,1.1703541114155187,3.0,0.5690672432978773
delta_pos,largest_help,nebDFT2k:mp-755369_6_3_0_0_1,1.190678858757019,0.29685459080067017,10,2.288680601119995,0.25294089924897684,10,2.1413957088918796,0.0,10,2.7357789993286135,0.2439150644860073,10,2.6072857484934957,1.4166068897364767,0.31860514737350076,1.098001742362976,0.4658900396016161,0.12849325083511776,0.33739678876649837,5.260498210043063,5.096976633508874,1.0320820730193572,1.9170099992283849,0.3039292927052143,7.0,1.0933942715349123,8.0,0.189014424797355,Li23O48V12Ga12,O,4.616648929042725,5.29816512334077,5.0033694329052,1.0589194330718044,1.5165611242618562,0.5048929636771381,11.0,1.8307353993581543,11.0,0.7816009243115589
delta_pos,largest_help,nebDFT2k:mp-759667_2_4_0_0_0,1.6195458889007568,0.271031120968029,10,0.5517500281333924,0.08484443189449221,10,0.6278036593551566,0.0,10,0.7186516106128693,0.0972416284666812,10,0.3889327957493549,1.2306130931514019,0.16281723238403745,1.0677958607673643,0.23887086360580168,0.3297188148635144,-0.09084795125771272,5.947363576420651,4.7683077177792805,1.2472692469584337,1.9852716223475488,0.8463272727898974,10.0,0.8572753607088283,2.0,0.1483161578287065,Li15B16O48Sn8,O,0.8240526987073264,6.142758362965601,4.776380565856639,1.2860697086987465,1.9681916197090692,0.6762045978420554,9.0,0.9548329448187458,3.0,0.2586680818272695
delta_pos,largest_help,nebDFT2k:mp-755369_11_7_0_1_0,1.1811738848686217,0.305853217798187,10,2.2312026262283324,0.28922879543716434,10,2.031324318670104,0.0,10,2.5353341817855837,0.2388807877048682,10,2.6194679777818237,1.438294092913202,0.3882653515534913,1.0500287413597107,0.5881436591117195,0.08413379599624005,0.5040098631154795,5.164291227330185,4.982517488548005,1.0364823082307235,1.9026343069311151,0.5015690572655702,10.0,1.1620510476390202,9.0,0.1790723033115756,Li23O48V12Ga12,O,4.340843873281065,5.299433084409127,5.0071479453978665,1.058373577573218,1.5145804352377343,0.4930767361912156,10.0,1.7991878519696227,11.0,0.7834457222211211
delta_pos,largest_help,nebDFT2k:mp-755369_1_4_0_0_1,1.2142825663089751,0.3025221611375391,10,2.254388189315796,0.2995000610316978,10,2.1205633763417455,0.0,10,2.6598735809326173,0.2455274870767,10,2.7418344290632604,1.5275518627542852,0.48744623974746437,1.0401056230068209,0.6212710527215148,0.08196084813064308,0.5393102045908718,5.271129583284101,5.096980557972303,1.0341670962506238,1.908017571867267,0.3205824292443531,7.0,1.1161247963140717,8.0,0.1711653569120469,Li23O48V12Ga12,O,4.564449509837984,5.29697555954229,5.009975157870322,1.0572857933678792,1.5131062446713544,0.4982772029211229,10.0,1.8119102579285933,11.0,0.7625911129869745
delta_pos,largest_help,nebDFT2k:mp-753899_0_3_0_0_0,1.0775448441505433,0.2569721633005319,10,1.8475247025489807,0.34444026562437685,10,2.8912216456326254,0.0,10,2.9360431671142577,0.23332914191015047,10,3.250723844104641,2.173178999954098,1.4031991415556604,0.7699798583984374,0.3595021984720157,0.3146806769903834,0.04482152148163232,5.8683375177861885,5.5976696858000095,1.0483536627166123,1.85294562102348,0.4979229381590541,10.0,1.4865840431946806,6.0,0.7961428107967012,Li15C32O96Fe16,O,6.495482146990113,6.323802014434319,5.599789704945268,1.12929276769977,1.5952485258469895,0.4836010516300557,13.0,1.9679464439833183,5.0,1.087560972321031
delta_pos,largest_help,nebDFT2k:mp-777670_0_2_0_1_0,2.3184669494628904,0.45544662807322056,10,2.8979679346084595,0.3792841469361857,10,4.08206817928771,0.0,10,3.4790032148361205,0.289808479045772,10,4.522794747633043,2.2043277981701523,1.6248268130245833,0.579500985145569,0.4407265683453332,1.0437915327969223,-0.6030649644515891,5.747544177890779,5.2347332667601085,1.0979631406220742,1.8797251365616503,0.8187439019334253,8.0,1.0935052489517645,5.0,0.4517381922656491,Li15O64V12Cr12Sn8,O,9.47937736223693,5.89232303492962,5.192091491629482,1.1348650239366984,1.459809493565599,0.6658986776252144,10.0,1.9087897684773043,6.0,1.2374156677810308
delta_pos,largest_help,nebDFT2k:mp-755839_0_5_0_0_0,1.0953237771987916,0.26407253778320355,10,0.5356349110603332,0.0888377233135005,10,0.6484632984075269,0.0,10,0.602123886346817,0.08487510546053934,10,0.547669942860523,0.5476538343382686,0.012035031800189722,0.5356188025380789,0.10079335554700397,0.054453943486294065,0.046339412060709906,5.778074062401069,5.147776695044784,1.122440697158252,2.0470934594904566,0.4374729015191652,10.0,0.8389195339741224,2.0,0.0502866917006773,Li23O64V8Cr24,O,0.8758194011117768,5.938570698302751,5.134165805328627,1.1566768436148382,2.0068786707538586,0.8344897107546244,11.0,0.9721527913131892,7.0,0.2328988106822747
delta_pos,largest_help,nebDFT2k:mp-774843_2_0_0_1_0,2.884331560134888,0.4540235397607384,10,3.3858558177947997,0.4924339567731893,10,4.880530168672959,0.0,10,4.3876912832260135,0.4286109781363421,10,3.67574452515413,0.7914129650192421,0.28988870735933014,0.5015242576599119,1.2047856435188296,0.7119467580718837,0.4928388854469459,5.683157486856144,5.269499267117189,1.0785004796034932,1.8761021829757492,0.4189192200057937,7.0,1.088668567689405,4.0,0.4703658471781742,Li15O64V12Co12Sn8,O,11.480077572003148,5.788599849940695,5.188555749430123,1.1156476155385775,1.4727037667819625,0.3360933307805004,10.0,1.943278704205017,6.0,1.2514282581067997
delta_pos,largest_help,nebDFT2k:mp-758282_0_2_0_0_0,0.8104578912258148,0.1744730237879475,10,0.32501097917556765,0.044957412612201826,10,0.4600966400610226,0.0,10,0.3501594930887222,0.05506237125162059,10,0.28606387979621667,0.5243940114295982,0.03894709937935098,0.4854469120502472,0.1740327602648059,0.06409561329250552,0.10993714697230039,5.57730876953242,4.440176487547292,1.256100694459843,2.118962533925038,0.1392307226999369,9.0,0.7295980731009575,2.0,0.08378820921999,Li5C8O24Cr4,O,0.4038304800649928,5.414009564486729,4.5481544718814835,1.1903750406804143,2.044535632084769,0.1605176391493998,13.0,0.8918429192189627,4.0,0.2488386746096588
delta_pos,largest_help,nebDFT2k:mp-761094_0_2_0_0_1,3.915807867050171,0.8501072477662666,10,4.3910709619522095,0.6942311745666313,10,3.860474265403451,0.0,10,4.0755229711532595,0.3821305249527535,10,4.479324795743111,0.5635169286929398,0.08825383379090113,0.47526309490203866,0.6188505303396594,0.40380182458985114,0.21504870574980828,5.308903970132678,5.109310206024497,1.039064718339637,1.883883158855339,0.4794085619144279,13.0,1.3212546948417638,10.0,0.3528019556207497,Li39O80Fe4Co36,O,8.924131156550306,5.4154408467977815,5.10764004105517,1.0602628226085846,1.4641603080611378,0.4947871294148774,12.0,1.99702921946752,11.0,0.9764836954179772
delta_pos,largest_help,nebDFT2k:mp-34038_0_2_0_0_1,0.19941707551479335,0.17376309412772037,10,0.857349643111229,0.35856173432317595,10,0.5950732718600882,0.0,10,0.5367037326097488,0.20773585392712482,10,0.751095296214288,0.5516782206994947,0.10625434689694091,0.44542387380255377,0.15602202435419987,0.21439156360453926,-0.058369539250339386,3.4031291571278897,3.2090636168496243,1.06047419541928,2.1095867410200775,0.1858301635985772,9.0,0.8406028204390696,5.0,0.4330952429107677,Li53N9Cl27,N+Cl,0.7420404125902,3.5984272873407113,3.0338701883880885,1.1860847906787255,2.181490405575306,0.0,10.0,0.8479185380314245,3.0,0.4276155123985348
delta_pos,largest_help,nebDFT2k:mp-758380_3_8_0_0_0,1.1354893386363982,0.2513707053084968,10,1.5702775716781616,0.23176811906187847,10,2.702119165908777,0.0,10,3.0012867212295533,0.19277658950532697,10,2.9573986697728003,1.821909331136402,1.3871210980946387,0.4347882330417634,0.2552795038640232,0.04388805145675301,0.2113914524072702,4.960961972574301,4.8592790855359125,1.0209255087531517,1.8718307267954617,0.4526507806760394,12.0,1.4083246144246229,4.0,0.5748269571312608,Li23C16O80V16,O,6.021649483844676,5.778604936546705,4.856646297246465,1.1898344213007557,1.5953866900704652,0.4870036300555777,9.0,1.8859689388504688,3.0,1.0408557628501458
delta_bvse,largest_harm,nebDFT2k:mp-1020056_2_2_1_1_0,1.5922298789024354,0.544522937230159,10,2.2594040513038633,0.3088958221388239,10,1.378566085915626,0.0,10,2.4072279214859007,0.3200497155977646,10,1.4526391147018671,0.13959076420056826,0.8067649366019962,-0.667174172401428,0.07407302878624122,0.9545888067840336,-0.8805157779977923,5.714277095259645,5.181886004443156,1.1027407956022182,2.0514146681868572,0.6026903774600298,10.0,0.9243700106680884,5.0,0.2543929791252475,Li15N80Si32Ca48,N,2.705232472162268,5.537276566797638,5.1818860013966805,1.0685832465834193,1.8489417116981797,0.6618191866650972,10.0,1.2845564637922642,6.0,0.523561010372799
delta_bvse,largest_harm,nebDFT2k:mp-1282211_3_0_0_0_1,1.7015256524085998,0.4763945718030731,10,2.0091405630111696,0.2876215211454514,10,3.099418681305949,0.0,10,2.3238269329071044,0.26268092669534504,10,3.475863467544542,1.7743378151359424,1.4667229045333725,0.30761491060256985,0.3764447862385931,1.1520365346374377,-0.7755917483988446,6.0680294638472425,5.2770366719503885,1.149893366498911,1.933645701902959,0.2586443006117524,7.0,0.980023314350381,6.0,0.2568851248703195,Li23O48V24,O,7.0171598955639976,6.3888427697396235,5.326222732987462,1.1995072474477877,1.5553371670128704,0.499908513572095,11.0,1.8425367420221324,9.0,0.9166130857533976
delta_bvse,largest_harm,nebDFT2k:mp-4117_3_0_1_0_1,1.9852880239486694,0.29037592576163057,10,2.3634687542915342,0.592260613357874,10,3.310082671748379,0.0,10,3.951076698303223,0.3349440926971591,10,2.0165598319364904,0.03127180798782092,0.3469089223550439,-0.31563711436722297,1.2935228398118888,1.9345168663667325,-0.6409940265548437,5.978918479335739,5.351175374935787,1.1173093872684905,1.8615270613594923,0.6030053399418609,8.0,1.1999141298743516,4.0,0.2943920885083487,Li31O80Si32,O,7.545019074174192,6.005912798896224,5.349043079718862,1.122801351454415,1.3803889895141157,0.4997774263449639,12.0,2.0761057943894192,4.0,1.1148022025110456
delta_bvse,largest_harm,nebDFT2k:mp-777670_0_2_0_1_0,2.3184669494628904,0.45544662807322056,10,2.8979679346084595,0.3792841469361857,10,4.08206817928771,0.0,10,3.4790032148361205,0.289808479045772,10,4.522794747633043,2.2043277981701523,1.6248268130245833,0.579500985145569,0.4407265683453332,1.0437915327969223,-0.6030649644515891,5.747544177890779,5.2347332667601085,1.0979631406220742,1.8797251365616503,0.8187439019334253,8.0,1.0935052489517645,5.0,0.4517381922656491,Li15O64V12Cr12Sn8,O,9.47937736223693,5.89232303492962,5.192091491629482,1.1348650239366984,1.459809493565599,0.6658986776252144,10.0,1.9087897684773043,6.0,1.2374156677810308
delta_bvse,largest_harm,nebDFT2k:mp-756912_1_1_1_0_0,1.41227730512619,0.264485197171898,10,1.530867624282837,0.20137373917248064,10,0.9665913192842147,0.0,10,1.4286222100257873,0.19787027747248426,10,0.5701987782533138,0.8420785268728763,0.9606688460295232,-0.11859031915664686,0.39639254103090094,0.8584234317724735,-0.46203089074157255,8.603210922760736,5.063391640919739,1.6991004316620484,1.9927747563086933,0.1149004177891287,11.0,0.9871567372600172,4.0,0.1864746344236378,Li15B16O48Zn16,O,1.672950393647236,8.248950990058045,5.063292000000001,1.629167543577981,1.8780032930807633,0.665506171203449,11.0,1.1844407369316254,4.0,0.3296766811587587
delta_bvse,largest_harm,nebDFT2k:mp-765964_0_6_1_0_0,1.1868966221809387,0.17431138293313642,10,1.6805315017700195,0.2406832688332559,10,1.0243783869852263,0.0,10,1.3561726927757263,0.24038265796588895,10,1.0074282938448391,0.1794683283360996,0.6731032079251804,-0.4936348795890808,0.0169500931403872,0.34874439893088716,-0.33179430579049995,4.530037698165633,4.256614499459573,1.0642348981193326,2.0522411169169583,0.0,8.0,0.7428131465853557,3.0,0.1086950157673646,Li31O112Si32V16,O,1.8177470151623096,4.732139462225401,4.269139463825761,1.1084527695388815,1.8395872951500296,0.5131765779577369,10.0,1.20591259851492,2.0,0.4887264826901557
delta_bvse,largest_harm,nebDFT2k:mp-1020056_0_2_1_0_0,0.5288663506507874,0.18579422401391796,10,0.756853798031807,0.23371160471231867,10,0.5208987937733469,0.0,10,0.8131173014640808,0.43398811740001697,10,0.13001933520411055,0.3988470154466768,0.6268344628276964,-0.22798744738101961,0.39087945856923634,0.6830979662599702,-0.2922185076907339,2.0616527883634954,2.027377400428485,1.0169062691178103,2.1590253967846698,0.2380671398271903,7.0,0.620880669266016,5.0,0.0616000113879113,Li15N80Si32Ca48,N,0.5561819799531005,2.772075621413881,2.6501024403276467,1.0460258362960315,2.1472490791794843,0.5021748725355212,8.0,0.7188915712322952,5.0,0.0862353241760732
delta_bvse,largest_harm,nebDFT2k:mp-1174212_5_7_0_0_0,0.3841370910406112,0.074269023460371,10,0.4455973893404007,0.06069051478053037,10,0.7005929840672787,0.0,10,0.4427908658981323,0.04486154540339728,10,0.8727639313134432,0.488626840272832,0.4271665419730425,0.061460298299789495,0.17217094724616455,0.4299730654153109,-0.25780211816914633,2.835333796077017,2.74037553176692,1.0346515516611954,2.039134995429999,0.7557932784516438,12.0,0.9419016823174092,7.0,0.2489400662455068,Li31O56Co24,O,1.0064403629371628,3.2831581660565745,2.875624900572334,1.141719897265853,1.8562593346469356,0.5030924721755888,6.0,1.153070283542772,11.0,0.0819652792685381
delta_bvse,largest_harm,nebDFT2k:mp-1177804_0_1_0_0_1,1.6483089685440064,0.36505007908896564,10,2.1646708250045776,0.20874800416940764,10,1.788925969929026,0.0,10,2.0314053177833555,0.30224217608054715,10,1.6887457253068874,0.04043675676288094,0.47592509969769026,-0.4354883429348093,0.1001802446221387,0.34265959247646816,-0.24247934785432945,5.083584863143663,4.996194166355374,1.0174914532699275,1.9991569931381612,0.2619111632910431,7.0,0.9309226164908512,7.0,0.1557289240827727,Li47O96V24Co24,O,3.7334681514303054,5.445807564371832,5.096676593547174,1.0685016921157384,1.5545754837428198,0.5043710869031997,10.0,1.6959752775304684,10.0,0.730784798080819
delta_bvse,largest_harm,nebDFT2k:mp-28030_2_22_0_0_0,0.5260940194129944,0.06702732461063479,10,0.711249777674675,0.1495015396145683,10,0.8541281928252895,0.0,10,0.6502591371536255,0.07305241739030506,10,0.8691693608290905,0.3430753414160961,0.15791958315441545,0.18515575826168063,0.015041168003800953,0.21891022367546498,-0.20386905567166402,2.9108690623176257,2.7405452972964115,1.062149589422675,1.9438809363696,0.4295993533091762,8.0,1.0191299002633751,9.0,0.0505879844083621,Li63O72Nb16,O,1.3911523823598455,3.1665647599653366,2.8252381487874856,1.120813394553779,1.7657382485884714,0.5046459924671353,6.0,1.3189057701764315,10.0,0.3249962857890355
delta_bvse,largest_harm,nebDFT2k:mp-754292_0_3_1_0_0,0.7385608911514282,0.1465980549236533,10,0.5792686760425567,0.13023752636785435,10,0.7151788501599343,0.0,10,0.5117399901151657,0.07982705958022729,10,0.778268638954728,0.039707747803299775,0.19899996291217126,-0.15929221510887148,0.06308978879479366,0.2665286488395623,-0.20343886004476863,4.523220485370951,4.400837276852707,1.0278090737782897,2.0906255539142085,1.0,8.0,0.7030447142302265,2.0,0.1314574792666251,Li23B8O56Cr8As8,O,1.042988058054955,4.5109725999425265,4.293110815520362,1.0507468345877669,2.013353192551903,0.5008768519320899,10.0,1.0165733094925464,4.0,0.3232815942006222
delta_bvse,largest_harm,nebDFT2k:mp-1320203_8_0_0_1_0,0.5043742269277572,0.08071088961118364,10,0.5283037334680557,0.06864585179802069,10,0.6551110223061976,0.0,10,0.45429643988609314,0.08224631750714398,10,0.795512204551386,0.2911379776236288,0.26720847108333035,0.023929506540298462,0.1404011822451885,0.3412157646652929,-0.20081458242010441,2.7147130662119,2.629077401977261,1.032572515426984,2.0061709185080363,0.7388363494531673,10.0,0.9415502126355664,7.0,0.2100812759947634,Li39O80Co16Ni24,O,0.8924765529553833,3.213148902153946,2.9020612562937207,1.1071954098782606,1.8735043084657437,0.4975009433859,6.0,1.130961802721356,11.0,0.1008377126184338
delta_bvse,largest_harm,nebDFT2k:mp-758486_3_0_1_0_1,0.2572034075856209,0.05210383439700743,10,0.4920744925737381,0.08074763926598721,10,0.3911906088256321,0.0,10,0.20872271806001658,0.06317240190405382,10,0.4439005888809219,0.186697181295301,0.04817390369281621,0.13852327760248478,0.05270998005528976,0.2351778708209053,-0.18246789076561554,3.500154201752366,0.3500700373083856,9.998439822683228,2.0137151192713154,0.0,6.0,0.7066842915603672,3.0,0.0571034442172473,Li15O56P16Cu8,O,0.231173155133415,3.460864819194644,3.1043980770855497,1.1148263635196392,2.051844937500962,0.5006293084963549,6.0,0.6558628079572392,3.0,0.0369023935017169
delta_bvse,largest_harm,nebDFT2k:mp-753477_6_2_0_1_0,0.3076535135507583,0.03948366495993948,10,0.2889502108097076,0.096930165480801,10,0.40732315399880237,0.0,10,0.23151410520076748,0.06335988427550801,10,1.713200099236758,1.4055465856859997,1.4242498884270502,-0.018703302741050587,1.3058769452379555,1.4816859940359906,-0.17580904879803505,2.228893817020645,2.049739693492023,1.0874033537514256,2.538923982009962,0.7360201220380022,4.0,0.2318261511563954,1.0,0.085364453702766,Li47S48Bi16,S,0.2715963524065561,3.1253886323223203,2.9218917322624733,1.069645599052459,2.4338530895996913,0.4945189481032295,4.0,0.2931379386277742,1.0,0.1122673034099556
delta_bvse,largest_harm,nebDFT2k:mp-760344_10_4_0_1_0,0.3009142726659774,0.02779262403982005,10,0.3211540311574935,0.03760478877932851,10,0.4604093010056599,0.0,10,0.28912164568901055,0.051551221630985244,10,0.5244383236928201,0.22352405102684264,0.20328429253532654,0.020239758491516102,0.06402902268716015,0.2353166780038095,-0.17128765531664936,3.7352169751090982,3.641889053033588,1.0256262397663574,2.070334076623216,1.0,8.0,0.7091227118458479,2.0,0.0832627882340696,Li7C4O28Na4P4Co4,O,0.4046139122456571,3.990718959653225,3.713775548678622,1.0745719301946346,2.0636688422384895,1.0,8.0,0.7369570883469119,4.0,0.1127078726929375
delta_bvse,largest_help,nebDFT2k:mp-1222575_0_2_0_0_0,2.2138043880462646,0.4346348629981434,10,3.832399916648865,0.5502626503581388,10,3.0899913941953017,0.0,10,4.091467690467835,0.2748677877758738,10,4.53782219991362,2.3240178118673556,0.7054222832647552,1.6185955286026004,1.4478308057183185,0.4463545094457855,1.001476296272533,5.688602402443673,5.144914250596203,1.1056748714100466,1.8873739185337888,0.3249394773857368,9.0,1.0407774185394103,2.0,0.3481813044910326,Li7O48Si16Sc2In6,O,6.993538013056706,5.9691955175788145,5.286391369117924,1.1291626178965295,1.6108869368580585,0.4960794780642836,9.0,1.572540467685481,3.0,0.9260276055245829
delta_bvse,largest_help,nebDFT2k:mp-755369_2_0_1_0_1,1.1901556074619293,0.3127913373128086,10,2.3815267086029053,0.2543265315117578,10,2.0216303223942713,0.0,10,2.624806118011475,0.25062970726694356,10,2.91840317648834,1.7282475690264107,0.5368764678854347,1.191371101140976,0.8967728540940687,0.29359705847686524,0.6031757956172035,5.195242161078897,5.046731184969457,1.0294271619918545,1.9195947624346177,0.6831047544471744,7.0,1.10227110538184,8.0,0.1750504992788403,Li23O48V12Ga12,O,4.316553699621748,5.316621386735608,5.0462020859965495,1.0535886784022157,1.519382774187333,0.5043815069857405,10.0,1.7892165200633738,10.0,0.7401396956001629
delta_bvse,largest_help,nebDFT2k:mp-1306251_7_5_1_1_0,1.6956409573554994,0.18970851173377692,10,1.0199448823928834,0.11578342311627879,10,0.6322725813562635,0.0,10,1.187491202354431,0.24651415035318064,10,1.5467144388152292,0.14892651854027017,0.5267695564223458,-0.3778430378820756,0.9144418574589657,0.3592232364607981,0.5552186209981675,4.1105392033411,4.108071982072011,1.0006005788797898,2.068282918331473,0.2491920243703554,9.0,0.9065642620038652,3.0,0.1012667851189503,Li71O72Mn12Fe24,O,0.8352504430006114,3.961477645371546,3.956117636354042,1.001354865934281,1.924738101690293,0.7523780624881191,12.0,1.241535762450359,2.0,0.2527662033008468
delta_bvse,largest_help,nebDFT2k:mp-755369_1_4_0_0_1,1.2142825663089751,0.3025221611375391,10,2.254388189315796,0.2995000610316978,10,2.1205633763417455,0.0,10,2.6598735809326173,0.2455274870767,10,2.7418344290632604,1.5275518627542852,0.48744623974746437,1.0401056230068209,0.6212710527215148,0.08196084813064308,0.5393102045908718,5.271129583284101,5.096980557972303,1.0341670962506238,1.908017571867267,0.3205824292443531,7.0,1.1161247963140717,8.0,0.1711653569120469,Li23O48V12Ga12,O,4.564449509837984,5.29697555954229,5.009975157870322,1.0572857933678792,1.5131062446713544,0.4982772029211229,10.0,1.8119102579285933,11.0,0.7625911129869745
delta_bvse,largest_help,nebDFT2k:mp-755369_11_7_0_1_0,1.1811738848686217,0.305853217798187,10,2.2312026262283324,0.28922879543716434,10,2.031324318670104,0.0,10,2.5353341817855837,0.2388807877048682,10,2.6194679777818237,1.438294092913202,0.3882653515534913,1.0500287413597107,0.5881436591117195,0.08413379599624005,0.5040098631154795,5.164291227330185,4.982517488548005,1.0364823082307235,1.9026343069311151,0.5015690572655702,10.0,1.1620510476390202,9.0,0.1790723033115756,Li23O48V12Ga12,O,4.340843873281065,5.299433084409127,5.0071479453978665,1.058373577573218,1.5145804352377343,0.4930767361912156,10.0,1.7991878519696227,11.0,0.7834457222211211
delta_bvse,largest_help,nebDFT2k:mp-774843_2_0_0_1_0,2.884331560134888,0.4540235397607384,10,3.3858558177947997,0.4924339567731893,10,4.880530168672959,0.0,10,4.3876912832260135,0.4286109781363421,10,3.67574452515413,0.7914129650192421,0.28988870735933014,0.5015242576599119,1.2047856435188296,0.7119467580718837,0.4928388854469459,5.683157486856144,5.269499267117189,1.0785004796034932,1.8761021829757492,0.4189192200057937,7.0,1.088668567689405,4.0,0.4703658471781742,Li15O64V12Co12Sn8,O,11.480077572003148,5.788599849940695,5.188555749430123,1.1156476155385775,1.4727037667819625,0.3360933307805004,10.0,1.943278704205017,6.0,1.2514282581067997
delta_bvse,largest_help,nebDFT2k:mp-772542_0_2_0_0_0,0.4282382667064667,0.0644272844396775,10,0.3217108517885208,0.04622699986464021,10,1.1206995309941332,0.0,10,0.6359015345573426,0.17921026475400087,10,0.24687078696371137,0.18136747974275533,0.07484006482480945,0.10652741491794587,0.8738287440304219,0.3890307475936312,0.48479799643679067,2.6290493668172203,2.6157074162595864,1.0051007044880855,2.0146134511748226,0.5000151412216526,5.0,0.7828773575441581,2.0,0.0558273992695833,Li15C8O56Si8V8,O,2.059098182262841,3.1131658548292145,3.0330488202749226,1.0264146867728392,1.8340565249729963,0.500340379574995,6.0,1.0505766731430994,2.0,0.365588492308163
delta_bvse,largest_help,nebDFT2k:mp-754292_7_5_0_1_0,0.3283775359392166,0.05949654447811176,10,0.37899151444435114,0.10792852609873227,10,1.01499786923178,0.0,10,0.5346361815929412,0.11620382180096782,10,0.47816863992034075,0.14979110398112416,0.09917712547598961,0.05061397850513455,0.5368292293114393,0.056467541672600485,0.4803616876388388,2.938031097194266,2.9137917879641946,1.0083188199411486,1.9429170279957768,0.5002653463884057,6.0,0.8931006141987724,2.0,0.1496973156089626,Li23B8O56Cr8As8,O,1.7942423222820818,3.2849877011023847,3.1373723099956123,1.0470506451008292,1.789684469212525,0.5006006646593805,8.0,1.1562145380999769,0.0,0.4832190594720982
delta_bvse,largest_help,nebDFT2k:mp-757461_1_2_0_1_0,0.5625219166278839,0.1149537433919516,10,0.45523024499416354,0.09311153091377378,10,1.325786962923469,0.0,10,0.8733309030532836,0.15202100898662066,10,0.19807608319214856,0.36444583343573533,0.257154161802015,0.10729167163372033,1.1277108797313204,0.6752548198611351,0.45245605987018533,2.94726976104242,2.6906275874113357,1.0953837591020914,2.0666708279564845,0.3988433100520736,10.0,0.8268435882350931,3.0,0.0945587846652582,Li31O80Si16Cr16,O,2.5729842200908264,3.0615264729502387,2.880874044850848,1.062707506571584,1.7956372662007043,0.5020521378024326,7.0,1.1989930418857444,2.0,0.4829545870710743
delta_bvse,largest_help,nebDFT2k:mp-1020056_0_0_1_1_0,1.5991079449653625,0.5701858306239254,10,2.608033847808838,0.3156535926016508,10,1.1513273858942557,0.0,10,2.533695864677429,0.3079659545375945,10,2.06686851521863,0.46776057025326745,0.5411653325902082,-0.07340476233694071,0.9155411293243743,0.4668273494587991,0.44871377986557515,5.779497694726756,5.181886005588375,1.1153270620955171,2.036745745813577,0.3680214525438304,9.0,0.9294845961703652,2.0,0.3908737415661556,Li15N80Si32Ca48,N,2.135842168248376,6.090845403200019,5.1818860013966805,1.1754109221156823,1.9044703818380069,0.3354263966141676,9.0,1.154280241049072,1.0,0.4775265018339739
delta_bvse,largest_help,nebDFT2k:mp-34038_3_4_0_1_0,0.6231138497591019,0.22925597789367302,10,0.8032440781593323,0.4128616548182827,10,0.4312617984604115,0.0,10,0.7877632230520248,0.41639563593502743,10,1.127756828022612,0.5046429782635101,0.3245127498632797,0.1801302284002304,0.6964950295622006,0.33999360497058717,0.3565014245916134,4.065525369963646,3.8543653081810194,1.054784651920365,2.370623218385838,0.0,4.0,0.3304239333011429,1.0,0.0835835785356786,Li53N9Cl27,N+Cl,0.3315792340371957,4.51024092210686,3.965912190269433,1.1372518365820012,2.374998568602357,0.0,4.0,0.327403580884531,3.0,0.0577090851845624
delta_bvse,largest_help,nebDFT2k:mp-1177943_4_7_0_0_0,1.0555197715759277,0.19995896529714136,10,0.8269593298435212,0.12944291538889527,10,0.5350248380913609,0.0,10,0.873631888628006,0.19184629928503716,10,0.9865845381363554,0.06893523343957231,0.15962520829283422,-0.09068997485326191,0.45155970004499446,0.11295264950834938,0.3386070505366451,3.3889419910477896,3.1270460324120997,1.083751871869207,2.069037641235981,0.2466342036182093,10.0,0.8900739758675627,1.0,0.1632066713101154,Li63O64Fe32,O,0.5915775031037729,3.499424431274897,3.137262234529019,1.1154389304024015,1.880548321366935,0.2558541481758972,10.0,1.1999824152831104,2.0,0.1575646219821993
delta_bvse,largest_help,nebDFT2k:mp-755369_6_3_0_0_1,1.190678858757019,0.29685459080067017,10,2.288680601119995,0.25294089924897684,10,2.1413957088918796,0.0,10,2.7357789993286135,0.2439150644860073,10,2.6072857484934957,1.4166068897364767,0.31860514737350076,1.098001742362976,0.4658900396016161,0.12849325083511776,0.33739678876649837,5.260498210043063,5.096976633508874,1.0320820730193572,1.9170099992283849,0.3039292927052143,7.0,1.0933942715349123,8.0,0.189014424797355,Li23O48V12Ga12,O,4.616648929042725,5.29816512334077,5.0033694329052,1.0589194330718044,1.5165611242618562,0.5048929636771381,11.0,1.8307353993581543,11.0,0.7816009243115589
delta_bvse,largest_help,nebDFT2k:mp-760344_10_9_0_0_1,1.9378758430480958,0.23539831007442033,10,2.8817732095718385,0.3668284733584549,10,1.265184225330535,0.0,10,2.042762541770935,0.27795322210595863,10,1.8200701331357578,0.11780570991233796,1.0617030764360806,-0.9438973665237427,0.5548859078052228,0.22269240863517714,0.3321934991700457,6.2687649937701675,5.404150968804928,1.159990723789206,1.9898510618022651,0.7019960572220975,11.0,1.0663982966281644,4.0,0.501940484081691,Li7C4O28Na4P4Co4,O,2.421132395675313,6.592542532138372,5.587874354422952,1.1797943393126225,1.8653143532312093,0.3239164992927507,9.0,1.2255376571595604,5.0,0.5812260720415018
delta_bvse,largest_help,nebDFT2k:mp-759229_3_6_0_1_0,0.4014610886573792,0.08093264195422649,10,0.6706706166267395,0.12961935413081654,10,0.9545669005758167,0.0,10,0.6098335653543472,0.135940896466984,10,0.6168773205714331,0.2154162319140539,0.05379329605530647,0.16162293585874743,0.33768958000438365,0.00704375521708589,0.33064582478729776,2.9217071353526043,2.868324501851619,1.0186110858330446,1.9466638214664589,0.4864209975695936,8.0,0.937727599016316,1.0,0.1654031149018088,Li31O64F16P16Fe16,O+F,1.6428208980018253,3.1270342495807575,3.032574743673365,1.0311482861566583,1.7743482846107042,0.4953711255095187,8.0,1.2568286134273794,2.0,0.5124892422349057
