source,dft_path_length,dft_endpoint_displacement,dft_tortuosity,dft_bottleneck_mean_k_distance,dft_bottleneck_path_coordinate,dft_coordination_at_bottleneck,dft_smooth_coordination_at_bottleneck,dft_coordination_range,dft_smooth_coordination_range,composition_family,anion_family,em_bvse,bvse_path_length,bvse_endpoint_displacement,bvse_tortuosity,bvse_bottleneck_mean_k_distance,bvse_bottleneck_path_coordinate,bvse_coordination_at_bottleneck,bvse_smooth_coordination_at_bottleneck,bvse_coordination_range,bvse_smooth_coordination_range
nebDFT2k:mp-1020056_0_0_1_1_0,5.779497694726756,5.181886005588375,1.1153270620955171,2.036745745813577,0.36802145254383045,9.0,0.9294845961703652,2.0,0.3908737415661556,Li15N80Si32Ca48,N,2.135842168248376,6.090845403200019,5.1818860013966805,1.1754109221156825,1.9044703818380069,0.3354263966141676,9.0,1.154280241049072,1.0,0.47752650183397394
nebDFT2k:mp-1020056_0_2_1_0_0,2.0616527883634954,2.0273774004284846,1.0169062691178103,2.1590253967846698,0.23806713982719033,7.0,0.620880669266016,5.0,0.06160001138791138,Li15N80Si32Ca48,N,0.5561819799531005,2.772075621413881,2.6501024403276467,1.0460258362960315,2.1472490791794843,0.5021748725355212,8.0,0.7188915712322952,5.0,0.08623532417607327
nebDFT2k:mp-1020056_2_2_1_1_0,5.714277095259645,5.181886004443156,1.1027407956022182,2.0514146681868572,0.6026903774600298,10.0,0.9243700106680883,5.0,0.2543929791252475,Li15N80Si32Ca48,N,2.705232472162268,5.537276566797638,5.1818860013966805,1.0685832465834193,1.8489417116981797,0.6618191866650972,10.0,1.2845564637922642,6.0,0.523561010372799
nebDFT2k:mp-1147726_4_6_1_0_0,5.173179943834105,3.8883867577467086,1.3304180541011628,2.446675873312599,0.0,4.0,0.2798351625099308,1.0,0.08468953293616827,Li23P12S48Zn6,S,0.2730483286626279,6.910682707482127,3.9513407572415034,1.7489462772394728,2.4194418267936055,0.7665307550735317,4.0,0.3102791324002124,1.0,0.08630345143876167
nebDFT2k:mp-1174212_5_7_0_0_0,2.835333796077017,2.74037553176692,1.0346515516611954,2.039134995429999,0.7557932784516438,12.0,0.9419016823174093,7.0,0.2489400662455068,Li31O56Co24,O,1.0064403629371628,3.2831581660565745,2.875624900572334,1.141719897265853,1.8562593346469356,0.5030924721755888,6.0,1.153070283542772,11.0,0.08196527926853814
nebDFT2k:mp-1175313_9_13_0_0_0,2.928593453516623,2.7125114502267946,1.0796612317606114,2.1156989900004466,1.0,12.0,0.8417431878814394,3.0,0.09790624343694265,Li55O96Mn40,O,1.081215334241382,3.240481445240284,2.8791344944784716,1.1255054084672995,1.9374220709350523,0.5034095057300491,6.0,1.0175152113207468,7.0,0.15655509607793638
nebDFT2k:mp-1175624_0_3_0_1_0,2.7103461387109,2.5881529952884588,1.0472124884598726,2.094668838319209,0.4998650808045041,9.0,0.8463740964625291,4.0,0.05702964338644223,Li35O64Mn8Co20,O,1.3043137723035363,3.2524414204757313,2.952844309302853,1.1014605173151208,1.8694158633925848,0.49918944151044425,6.0,1.1362573430792533,11.0,0.18372057830427402
nebDFT2k:mp-1175840_1_1_1_0_0,5.214802911565228,4.975317221539516,1.048134757918332,1.9745287138374794,0.6742927935337789,7.0,1.0095744642587978,9.0,0.10792534090841155,Li35O64Mn8Co20,O,3.644356259691492,5.288993723928547,4.975261,1.0630585458589101,1.5441043493332107,0.49789360207784,10.0,1.709216984418211,10.0,0.653616888795747
nebDFT2k:mp-1176566_0_2_0_0_0,2.3007980540937836,2.1425334227825394,1.0738679871353902,1.9097327376182778,0.5479901373234899,7.0,0.9034125959112574,5.0,0.02593436170845609,Li15O64Si16Ti16,O,0.8512433711469878,2.9706499747768618,2.7169952419774206,1.0933585487675834,1.82796464730926,0.5008374464748752,7.0,1.0601023378650358,4.0,0.1043751024925279
nebDFT2k:mp-1176566_0_2_0_1_0,5.745988549271803,5.03482281695927,1.141249406020217,1.9225401721909945,0.6757449301300812,12.0,1.2472386922315004,5.0,0.5086713115317715,Li15O64Si16Ti16,O,3.9887864005102953,6.105052623708955,5.070292442544626,1.2040829385858884,1.7053346153430367,0.3417774139293153,11.0,1.5426244602827937,2.0,0.6718990142656711
nebDFT2k:mp-1176649_6_7_0_0_0,4.453796954254539,4.36648039381139,1.0199970119107606,2.043542786847974,1.0,8.0,0.7699412898940268,3.0,0.16813003574891994,Li15O64F16P16Mn16,O+F,1.5337740859342484,4.598582301785365,4.4298694338711515,1.0380852913235368,1.888702193219186,0.4960600917552787,10.0,1.3144503973811439,4.0,0.5386526495081541
nebDFT2k:mp-1176994_9_9_1_0_0,5.111455607948042,4.9588885335666,1.0307663851181006,1.9053925918250438,0.6681830295326535,7.0,1.1296965889253476,10.0,0.1366050748300014,Li55O96Si16V24,O,4.360113843663878,5.179445943661855,4.96028325,1.0441835037670186,1.5347494682816687,0.4977049503004946,11.0,1.826275162244623,10.0,0.7608049732767224
nebDFT2k:mp-1177804_0_1_0_0_1,5.083584863143663,4.996194166355374,1.0174914532699275,1.9991569931381612,0.2619111632910431,7.0,0.9309226164908511,7.0,0.15572892408277272,Li47O96V24Co24,O,3.7334681514303054,5.445807564371832,5.096676593547174,1.0685016921157384,1.5545754837428198,0.5043710869031997,10.0,1.6959752775304684,10.0,0.730784798080819
nebDFT2k:mp-1177804_0_2_0_0_1,2.623200514684739,2.558624491152892,1.0252385700813602,2.0918293508623567,0.8190395469418232,11.0,0.8471860772526804,3.0,0.1043282693350096,Li47O96V24Co24,O,1.0271070469717167,3.2604958761269396,2.9372384478725637,1.110054881137931,1.8922175777618186,0.493794432480099,6.0,1.0855947936630075,10.0,0.16842392024028574
nebDFT2k:mp-1177943_4_7_0_0_0,3.3889419910477896,3.1270460324120997,1.083751871869207,2.0690376412359806,0.2466342036182093,10.0,0.8900739758675627,1.0,0.16320667131011546,Li63O64Fe32,O,0.5915775031037729,3.499424431274897,3.137262234529019,1.1154389304024015,1.880548321366935,0.25585414817589724,10.0,1.1999824152831104,2.0,0.15756462198219934
nebDFT2k:mp-1178166_8_9_0_0_1,3.6023073192132795,3.238504355507746,1.1123367220694982,2.0385687353114723,0.0,7.0,0.7600122446346445,1.0,0.18470328710453832,Li7O32K16Nb8,O,1.189174950698816,4.325077910474295,3.3769012293827654,1.2807830660966175,1.9305748701764536,0.4979259120140277,5.0,0.8471721472449272,3.0,0.23850231156191903
nebDFT2k:mp-1202443_0_6_0_0_1,7.5671730988881505,4.977406996456156,1.5203042677192906,1.9846232010593186,0.0,8.0,0.9170842690191945,5.0,0.4080187427491333,Li15O120Ge56,O,1.6245705508540969,7.845822434175089,4.98741565396895,1.5731238337697881,1.9874190476662457,0.1681511462171683,10.0,0.9598108369279479,3.0,0.5500785561384797
nebDFT2k:mp-1222404_0_0_0_1_-1,4.389677301704891,3.943880602353037,1.113035039419266,2.4537713637106515,0.5002623040568027,6.0,0.3361055756365375,3.0,0.11366051444502931,Li26S54Bi27,S,0.981299554128537,4.6588036205982375,3.959233693464763,1.1766932647315582,2.3539339745925907,0.5002439208936069,6.0,0.4723383880791313,3.0,0.2526846881911812
nebDFT2k:mp-1222469_0_0_0_1_0,18.02787952567943,14.012373380630857,1.2865685944822995,1.9825226258825226,0.0,6.0,0.7854629790765356,6.0,0.08675846031312417,Li7O48Al8Si16,O,0.6070170670905257,17.94016937574676,14.012373380630464,1.2803091159807198,1.9871773982858074,0.0,6.0,0.7797597957818516,7.0,0.18223255070053823
nebDFT2k:mp-1222510_2_2_0_1_0,5.280393701284643,5.094115821097572,1.0365672644142858,1.9736490373514282,0.31656536365016613,7.0,1.006758541661529,10.0,0.1334158004761028,Li23O48Mn8Co8Ni8,O,3.9057120753401353,5.403558606298949,5.094242812032278,1.060718698672173,1.5403803200707147,0.49965923822945063,10.0,1.7041056521044364,11.0,0.6654968771880578
nebDFT2k:mp-1222575_1_2_0_0_0,5.185326797869545,4.761063428650795,1.0891110516750624,2.0318778775837893,0.335006318669252,8.0,0.841945840155753,2.0,0.18451962930733612,Li7O48Si16Sc2In6,O,2.230480241463779,5.777518046604137,4.759551711366908,1.2138786165104773,1.8842823422551565,0.49855967585450983,8.0,1.1204377210607186,4.0,0.46727063897354126
nebDFT2k:mp-1222575_0_2_0_0_0,5.688602402443673,5.144914250596203,1.1056748714100466,1.8873739185337888,0.3249394773857368,9.0,1.0407774185394103,2.0,0.3481813044910326,Li7O48Si16Sc2In6,O,6.993538013056706,5.9691955175788145,5.286391369117924,1.1291626178965297,1.6108869368580585,0.4960794780642836,9.0,1.572540467685481,3.0,0.9260276055245829
nebDFT2k:mp-1222591_0_0_0_1_0,2.784203927121344,2.700684731906252,1.0309251924996594,2.0385395200956338,0.5023888126830366,10.0,0.9548364291972661,7.0,0.09296516336612781,Li47O96Al32Co16,O,1.351952251560098,3.1106968821102132,2.858329664979995,1.0882918510842885,1.8434024140881982,0.5092431337568187,7.0,1.1903471053211918,10.0,0.10516778091229217
nebDFT2k:mp-1277038_4_0_0_1_0,3.0893221595256732,3.0277853337249128,1.0203240385358017,2.040184307252082,0.7608733056391543,10.0,0.8527073294371781,1.0,0.06551848473606603,Li31O64Ti16Fe16,O,1.580575099503459,3.209393713188014,3.0744963738367295,1.0438762395360848,1.9234594252501505,0.5013492680890519,10.0,1.118212432039995,2.0,0.30439481358182263
nebDFT2k:mp-1277589_2_0_1_0_0,3.7737080334725626,3.766724965854385,1.0018538830632657,2.0971950438813365,0.0,4.0,0.5757246759569493,2.0,0.017150199983127168,Li15O64Ti8Fe24,O,0.3806329457129225,3.597979375737562,3.5970550977689686,1.0002569540758959,2.019008524248704,0.0,4.0,0.6540548707356943,6.0,0.11449420529197896
nebDFT2k:mp-1277613_3_1_1_-1_0,2.93266439936788,2.7097325283162044,1.0822708030117654,2.01888703359393,0.48541330063319355,7.0,0.7901084535593832,6.0,0.22808655634009134,Li15O64Mg8Co24,O,0.9027958918019832,3.188918574866488,2.876321150394692,1.1086795973491697,1.9191810787977923,0.5073431587733037,5.0,0.9152716679072633,8.0,0.08795623237274586
nebDFT2k:mp-1277613_2_0_0_0_1,2.9202198449852705,2.690288635716233,1.0854671153929263,2.0206605883785658,0.474063761260488,7.0,0.7922491378604875,6.0,0.250074574570882,Li15O64Mg8Co24,O,0.8822454606731029,3.345038837811104,2.8683997950315376,1.166168971147317,1.9258727046950597,0.5010738972165413,5.0,0.9010358599650435,8.0,0.14817956638815788
nebDFT2k:mp-1277814_5_7_0_1_0,3.354729592750403,3.158966558958083,1.0619705939074227,1.9019859958772265,0.9991459477110376,7.0,0.8620733421788093,2.0,0.03455440494076656,Li79O16F80Ni16,O+F,0.2450189731363896,3.4918348995473725,3.170261047210603,1.1014345025687113,1.913732434531334,1.0,4.0,0.7856137837248491,6.0,0.1438513169477298
nebDFT2k:mp-1277814_6_10_1_-1_0,6.501219658884523,5.4061237374527025,1.2025658262028267,1.8876096948719838,0.566440419696884,9.0,1.0464601576457109,7.0,0.40101881017652596,Li79O16F80Ni16,O+F,1.948837673076694,6.308805269020602,5.439090895255915,1.159900687543808,1.7436563696752916,0.673752036825085,7.0,1.3794763984446834,7.0,0.7159030297487061
nebDFT2k:mp-1277814_1_2_0_1_0,3.315540400218297,3.121141742173475,1.0622844696279152,1.9074181680675908,0.0,4.0,0.7964193597741974,4.0,0.0332875584591823,Li79O16F80Ni16,O+F,0.263521256393583,3.470877040653051,3.1729477801044745,1.0938966794274712,1.9121569807661098,0.0,4.0,0.7877180249209456,6.0,0.14051905243370866
nebDFT2k:mp-1277814_9_2_1_1_0,6.2799114172941,5.399809711822031,1.1629875407544872,1.871383065928169,0.5725243238863978,7.0,1.0288436918773187,6.0,0.29443403455805417,Li79O16F80Ni16,O+F,1.9356260193836987,6.315030622203561,5.438266983557908,1.1612211466072677,1.7419652740908953,0.67575179090896,7.0,1.391180265503904,7.0,0.7155511493914493
nebDFT2k:mp-1282211_3_0_0_0_1,6.0680294638472425,5.2770366719503885,1.149893366498911,1.933645701902959,0.2586443006117524,7.0,0.980023314350381,6.0,0.25688512487031956,Li23O48V24,O,7.0171598955639976,6.3888427697396235,5.326222732987462,1.1995072474477877,1.5553371670128704,0.499908513572095,11.0,1.8425367420221324,9.0,0.9166130857533976
nebDFT2k:mp-1282761_2_1_1_1_0,3.555379389105111,3.5478170291681876,1.0021315529732087,2.0027911829019387,0.0,4.0,0.6728110412855,4.0,0.10669656971734742,Li15O64V16Ga16,O,0.3521881332985128,3.561461421277603,3.5586567144330203,1.000788136386746,2.0114448918816463,1.0,4.0,0.6630617169787119,7.0,0.13852502906156605
nebDFT2k:mp-1282761_3_0_0_0_1,3.533764220906626,3.527127080226102,1.0018817412952694,2.0017281676591505,1.0,4.0,0.6742245047027874,6.0,0.14438427751499594,Li15O64V16Ga16,O,0.3527253738283593,3.5613568048565636,3.558437792375785,1.0008203072952497,2.0114560872762497,0.0,4.0,0.6630479929905368,7.0,0.13832525255530492
nebDFT2k:mp-1282869_0_3_0_0_0,3.7754484305870406,3.7198930582695056,1.0149346692088452,2.100337763226021,1.0,4.0,0.5740993288798355,4.0,0.04823201849855918,Li15O64Fe24Sn8,O,0.216460903530943,3.755273989467842,3.7309601493324682,1.0065167782989384,2.0494164772258463,1.0,4.0,0.6228490219095795,2.0,0.03739273302922674
nebDFT2k:mp-1282869_1_2_1_0_0,3.7901102165437033,3.73302846554401,1.0152910034109195,2.099832012120173,1.0,4.0,0.5766486762314297,5.0,0.0838764834491017,Li15O64Fe24Sn8,O,0.225825822327699,3.769391124843831,3.7461499999886225,1.0062040027375516,2.0432587743498525,0.0,4.0,0.6300903889150955,3.0,0.02159510882388127
nebDFT2k:mp-1282931_3_5_0_0_0,2.955653360500965,2.6979869058684622,1.0955032265249494,2.067064949214572,0.5016963058785526,9.0,0.8446229153979342,5.0,0.14101210837142342,Li39O80V16Ni24,O,0.808602783760553,3.2234673263931075,2.8604395240449194,1.1269132940223237,1.8826172400549235,0.5074538710048473,6.0,1.107266958618238,9.0,0.15379739258675984
nebDFT2k:mp-1284600_2_7_0_0_0,2.700404895667393,2.6422843717756948,1.021996316714631,2.0816147642147507,0.7551269168984619,10.0,0.8522792033235234,5.0,0.06831270101531106,Li31O64Co24Ni8,O,1.0885603858477684,3.249350442486135,2.9237487819723587,1.111364445030782,1.8658887093851573,0.5109923598006556,6.0,1.1364924080871788,10.0,0.1653635258547015
nebDFT2k:mp-1295192_1_1_1_0_0,5.224454676758527,4.7273663446020295,1.105151218653511,1.9873238314356745,0.3569761329609354,10.0,0.9557802581672834,2.0,0.42317084657017023,Li15C32O96Mn16,O,2.104118160382776,5.655681237496777,4.7273011,1.1963869273097025,1.8165176804519516,0.3365814941299046,11.0,1.343296326580153,4.0,0.6824927509895027
nebDFT2k:mp-1295192_3_3_1_0_0,5.2434270213723115,4.727174685056631,1.1092094899618663,1.984179637812425,0.3562176441451878,10.0,0.9618037731110316,2.0,0.4313271010968531,Li15C32O96Mn16,O,2.1141371894307945,5.645754567844828,4.7273011,1.1942870674865258,1.818314555652897,0.33368272376799774,11.0,1.340608500235905,4.0,0.6831733352474321
nebDFT2k:mp-1297766_1_5_1_-1_0,5.179175047095147,5.0866873725032535,1.0181822997599277,1.9579829696418072,0.3540816765061865,7.0,1.0319399002542828,11.0,0.12609544806498618,Li31O64Ti8Co24,O,4.564458136250052,5.330531536784828,5.113086636462779,1.0425271300453607,1.5260090939439197,0.5029444146813759,10.0,1.7325907100561835,11.0,0.7681942906623318
nebDFT2k:mp-1306251_7_5_1_1_0,4.1105392033411,4.108071982072011,1.0006005788797898,2.068282918331473,0.24919202437035542,9.0,0.9065642620038651,3.0,0.10126678511895038,Li71O72Mn12Fe24,O,0.8352504430006114,3.961477645371546,3.9561176363540413,1.001354865934281,1.924738101690293,0.7523780624881191,12.0,1.241535762450359,2.0,0.25276620330084687
nebDFT2k:mp-1314006_1_0_0_1_-1,3.6553220374292184,3.652960887093188,1.0006463661695293,1.998784781086581,1.0,4.0,0.6781357336094289,2.0,0.01152407597943228,Li15O64V16Ga16,O,0.2407897558963077,3.6688266350431595,3.6685342300449593,1.000079706220486,2.014118224343159,0.0,4.0,0.6592817087210363,8.0,0.10309467686984886
nebDFT2k:mp-1320203_8_0_0_1_0,2.7147130662119,2.629077401977261,1.032572515426984,2.0061709185080363,0.7388363494531673,10.0,0.9415502126355665,7.0,0.21008127599476345,Li39O80Co16Ni24,O,0.8924765529553833,3.213148902153946,2.9020612562937207,1.1071954098782606,1.8735043084657435,0.49750094338590006,6.0,1.130961802721356,11.0,0.10083771261843388
nebDFT2k:mp-1641416_3_9_0_0_0,3.0226462990237204,2.4202131800755473,1.2489173779845988,2.1547678729729154,0.0,10.0,0.7132981083997518,4.0,0.1148661067958422,Li23O48Mn20Co4,O,0.7105382866835803,3.0672838807724894,2.82430854933135,1.0860300237021423,1.974226496939395,0.4988978813699927,6.0,0.9491530482735787,5.0,0.17778985042242113
nebDFT2k:mp-25463_4_10_1_0_0,3.7252690382825726,3.3769317472594604,1.1031520081227002,1.958268447681919,0.500154217899232,8.0,0.867667831119662,1.0,0.20876075117686177,Li23C8O56P8V8,O,1.2320017866192996,4.31580360873909,3.5947825200000008,1.2005743281346235,1.811327548341034,0.4981441222848365,9.0,1.1040105830541957,2.0,0.4760158749174972
nebDFT2k:mp-25465_1_0_0_0_1,4.487726413255029,4.263292882198065,1.0526432354657396,2.0546196172902693,0.24514140994388472,8.0,0.7871040709105578,1.0,0.2121106238215006,Li15O64F16P16Co16,O+F,1.6259867525743237,4.629568037560646,4.325874821551399,1.0702038844250081,1.9490254927260546,0.49879826418030737,8.0,1.1934598702275108,1.0,0.4189387879557498
nebDFT2k:mp-25465_1_0_1_0_1,2.875546745847636,2.7523041646697597,1.0447779655896658,2.0118358802834,0.8185084961746997,7.0,0.7597029529756676,2.0,0.11883513847624616,Li15O64F16P16Co16,O+F,1.0132567030384465,3.4382745802970724,2.990197723287815,1.1498485713903168,1.8090558940121744,0.5074460171317042,7.0,1.1403597870480824,3.0,0.38463861283387946
nebDFT2k:mp-26247_6_9_0_0_0,3.0168009910955322,2.874808762614238,1.0493918866283725,1.9927914903809225,0.0,6.0,0.7282452530560924,4.0,0.030996884529397195,Li39O64P16Cu8,O,0.4576756115341538,3.3898200095320457,3.048409641571754,1.1119962236388483,1.9878867830058753,0.0,6.0,0.728422130970308,4.0,0.14983512544916722
nebDFT2k:mp-26351_0_2_0_0_0,5.081065123968115,4.923068381986472,1.0320931438937053,1.9863378293829506,0.5274727154051682,9.0,1.0266273747674537,4.0,0.3507928517440805,Li11O64P16Mo12,O,2.616773502083748,5.679381046316241,5.012660392881676,1.1330073456365315,1.8459329599258216,0.4865312839521318,9.0,1.226256003825787,5.0,0.4961661578316129
nebDFT2k:mp-26721_0_1_0_0_0,5.767529559749699,4.943971860280308,1.1665781526965846,2.0018152567465224,0.09628154256155094,7.0,0.8035476750154936,3.0,0.27167066420310193,Li15O64P16Nb8,O,0.4988783583660745,6.227703717146111,4.9238092505207245,1.2648141713628511,2.0342932019652165,0.0,7.0,0.8319187851565389,5.0,0.39128011409462204
nebDFT2k:mp-26965_0_2_0_1_0,3.961530935780663,3.869874506238763,1.0236845999512743,1.9407655108914414,0.0,6.0,0.8242013781847843,2.0,0.25761143537516396,Li31O112P32Cr16,O,0.1519292223393102,4.124741847037073,4.00981602941064,1.0286611198078641,1.9305732187208011,1.0,6.0,0.8411340255795025,2.0,0.4034443303451004
nebDFT2k:mp-28030_17_16_0_1_-1,2.6587587788304305,2.59230845331807,1.0256336492006985,2.01163484328361,0.5050866013881734,10.0,0.9804180670694411,2.0,0.026608694314365855,Li63O72Nb16,O,1.942755551523036,3.026722342732501,2.660588369910749,1.137613911630394,1.78326682919587,0.5027430452712497,6.0,1.2502970715746513,6.0,0.2942656811263745
nebDFT2k:mp-28030_30_31_0_0_0,2.701156552785488,2.654115753360026,1.017723718103067,2.0243692780731815,0.49429258908522233,10.0,0.9775976325346569,3.0,0.04428219320652593,Li63O72Nb16,O,2.108518161442378,3.063175740347088,2.737471477484974,1.1189799658337816,1.7841854218857036,0.506321703083826,7.0,1.272818805446124,5.0,0.33117646066834205
nebDFT2k:mp-28030_2_22_0_0_0,2.9108690623176257,2.7405452972964115,1.0621495894226747,1.9438809363696001,0.42959935330917626,8.0,1.0191299002633751,9.0,0.0505879844083621,Li63O72Nb16,O,1.3911523823598455,3.1665647599653366,2.8252381487874856,1.120813394553779,1.7657382485884714,0.5046459924671353,6.0,1.3189057701764315,10.0,0.3249962857890355
nebDFT2k:mp-28548_0_8_0_0_0,1.6816846404404404,1.6201133908924532,1.0380042840791965,2.003344693833425,0.0,10.0,1.0095823156494808,4.0,0.1976137904480646,Li63O48Ge8,O,0.318781949331774,2.6328851458832125,2.173342994154907,1.2114448354282872,1.9365193092061834,0.24199233474945206,9.0,1.033398634607551,5.0,0.1341048631821955
nebDFT2k:mp-29040_4_3_0_1_1,3.795640567938598,3.3185278838870778,1.1437723896695622,1.8422817227795718,0.4338303284885611,4.0,0.8889674398606587,3.0,0.12337944988025928,Li11F76Zr16,F,0.7239457274713001,4.29332146235353,3.4408805728454714,1.2477391677686518,1.8252301793394357,0.7536168957067467,6.0,1.068340237588415,2.0,0.18992566656609688
nebDFT2k:mp-29040_0_5_0_0_0,6.192247975090628,5.296710612957457,1.1690742476929734,1.9701408597173455,0.499898680599287,9.0,0.8434103600911492,3.0,0.10986546795314334,Li11F76Zr16,F,0.7483405826846616,6.055328296061369,5.290018076588219,1.1446706246355085,2.005579087248313,0.0,6.0,0.912002553442704,3.0,0.2191769436873272
nebDFT2k:mp-29040_1_3_0_0_0,3.9497374800286718,3.6688635456801313,1.0765561135897934,1.9077172720100506,0.8344444497689976,7.0,0.9121988174861297,1.0,0.1160376876272079,Li11F76Zr16,F,0.5214491520542451,4.194580281943267,3.695175084216782,1.1351506183995441,1.9341941369716071,0.7471287087529221,6.0,0.8786603446209212,2.0,0.164357484184375
nebDFT2k:mp-34038_3_4_0_1_0,4.065525369963646,3.8543653081810194,1.054784651920365,2.370623218385838,0.0,4.0,0.33042393330114295,1.0,0.08358357853567866,Li53N9Cl27,N+Cl,0.3315792340371957,4.51024092210686,3.965912190269433,1.1372518365820012,2.374998568602357,0.0,4.0,0.32740358088453103,3.0,0.05770908518456247
nebDFT2k:mp-34038_0_2_0_0_1,3.4031291571278897,3.2090636168496243,1.06047419541928,2.1095867410200775,0.18583016359857726,9.0,0.8406028204390696,5.0,0.43309524291076773,Li53N9Cl27,N+Cl,0.7420404125902,3.5984272873407113,3.0338701883880885,1.1860847906787255,2.181490405575306,0.0,10.0,0.8479185380314245,3.0,0.4276155123985348
nebDFT2k:mp-34038_2_0_0_1_-1,3.399360655610481,3.208472652725462,1.0594949758175023,2.1115973644453163,0.8135568152369422,9.0,0.8378629867692446,5.0,0.4320947265264224,Li53N9Cl27,N+Cl,0.7420404125901965,3.6213167703011635,3.048835720516082,1.1877703826194272,2.1814904046450345,1.0,10.0,0.847918538033047,3.0,0.4276155116761408
nebDFT2k:mp-34038_0_1_1_1_0,2.445121915896304,2.429755159412936,1.0063244053310627,2.2123704323177904,0.0,9.0,0.7780952576564466,1.0,0.24807436298858154,Li53N9Cl27,N+Cl,0.7134604722214837,3.615778969284479,2.758258833310865,1.3108918298810606,2.0743869888419524,0.49822721457663843,6.0,0.7000003221835036,3.0,0.35234311830060433
nebDFT2k:mp-34038_4_4_0_1_0,3.9766877329673043,3.5898792967346784,1.1077497052852066,2.402926611651147,1.0,4.0,0.31014882920533315,1.0,0.057758308720008034,Li53N9Cl27,N+Cl,0.1271663543982326,4.134757542219011,3.7395314434429117,1.105688668421042,2.388405371490473,0.0,4.0,0.319043071880199,3.0,0.0278974548450176
nebDFT2k:mp-34038_0_0_1_-1_0,4.772423731203397,3.562866906243832,1.3394897583291276,2.148169928220128,0.7597120192368944,9.0,0.8234326685784247,3.0,0.1517197972938612,Li53N9Cl27,N+Cl,1.2377280935305168,4.846942703758956,3.7430979976600223,1.2949013642680467,2.0062484942002436,0.7427318532621512,7.0,0.9425683068000077,4.0,0.13329570000820923
nebDFT2k:mp-3635_0_3_0_0_0,3.479984749063449,3.193879229186359,1.0895793169831207,1.9287454501019416,1.0,13.0,1.1072549728835355,3.0,0.09701610381404091,Li31B32O64,O,0.6541090667501095,3.710188444590289,3.2042363642887928,1.1579009856889246,1.8865348166038403,0.25311729470319644,12.0,1.1505023698943968,1.0,0.13266777339919655
nebDFT2k:mp-4002_0_1_0_0_0,2.91789053094101,2.6544200689772217,1.0992572596338555,1.8358018691363958,0.5056927556244142,5.0,0.9245295030113548,3.0,0.1645083309470775,Li15F48Zr8,F,0.8949811193655349,3.1634242452833536,2.848306717705974,1.1106332845470992,1.7416308464731964,0.5049126693515706,5.0,1.1050356775958334,3.0,0.024706413804271854
nebDFT2k:mp-4117_3_0_1_0_1,5.978918479335739,5.351175374935787,1.1173093872684905,1.8615270613594923,0.6030053399418609,8.0,1.1999141298743516,4.0,0.29439208850834875,Li31O80Si32,O,7.545019074174192,6.005912798896224,5.349043079718862,1.122801351454415,1.3803889895141155,0.49977742634496397,12.0,2.0761057943894192,4.0,1.1148022025110456
nebDFT2k:mp-556655_0_7_0_1_-1,3.5839688540831807,3.5057359785208138,1.0223156780891913,2.0022358318604754,1.0,9.0,0.8153827563367122,1.0,0.1394264433072694,Li31B16O64Al16,O,0.6911538785138769,3.7825812060913844,3.5361692615009095,1.0696833003083925,2.0032840822092814,0.0,9.0,0.8142641285424056,1.0,0.2721144811530867
nebDFT2k:mp-556655_1_4_0_0_0,3.0977996966042,2.805722127712794,1.104100675546764,2.0134826348639083,0.0,8.0,0.7798077548365001,2.0,0.12100215766514988,Li31B16O64Al16,O,0.2718450228542528,3.5150461649814826,2.9676925042772373,1.1844374576932626,2.0032840825397433,0.0,8.0,0.7943098263864404,2.0,0.17339756354856828
nebDFT2k:mp-559680_0_2_0_0_1,5.449309498336628,4.895346172102071,1.113161216134524,1.9940847246917088,0.28414728178811816,8.0,0.8236256372693912,4.0,0.14413738999680425,Li7O48V8Ge16,O,2.348281621991843,5.561756012315725,4.915669740649852,1.1314340274577641,1.8786943580950837,0.5029106427226364,9.0,1.0788443489953607,5.0,0.3676511301585058
nebDFT2k:mp-567474_0_1_0_0_0,4.058168108043515,3.50315356671702,1.1584328322342508,2.5037234326930973,0.48625420889551735,4.0,0.2572158695664679,3.0,0.03685019289170266,Li23Cl48Cr12,Cl,0.2696087063442725,4.49833727454536,3.743566993415096,1.2016179441847572,2.3330428788423543,0.5015390791957974,4.0,0.35603625049645143,3.0,0.06691674400066794
nebDFT2k:mp-6745_0_1_1_0_0,4.792818874673189,4.6065107448251394,1.0404445230171977,1.9926953251896107,0.6714378636403794,9.0,0.9068140521145321,2.0,0.19403828422381975,Li15O96Si32Ga16,O,2.2311224442905364,5.147035148380528,4.649177974130061,1.1070849894370036,1.8702375358183394,0.49707577526080376,8.0,1.1910834715050655,3.0,0.4555374041619915
nebDFT2k:mp-6745_0_1_0_0_0,5.186121690905919,5.001574664069773,1.0368977850439567,1.932303809800406,0.4924294596502895,9.0,1.0149231490096426,2.0,0.2843936621454447,Li15O96Si32Ga16,O,3.221459712297783,5.312592166385413,4.983067452641932,1.0661288888571583,1.721781764076331,0.494822432783442,9.0,1.3445400362233906,3.0,0.6089939678194329
nebDFT2k:mp-752552_2_7_0_1_1,3.3267855874810732,3.211936981140544,1.0357568056331377,2.1837333404222354,0.2526027057687523,9.0,0.6566693301106414,3.0,0.06809355436793396,Li15C16O48V8,O,0.2667198719316448,3.4722363458909467,3.221895565341979,1.077699843297806,2.162406966628303,0.507924935876995,10.0,0.7900276729522593,2.0,0.09458966177584816
nebDFT2k:mp-752552_0_7_0_0_1,3.3474137093406138,3.2121580909767893,1.0421073977472555,2.1856652234432725,0.23538654928574465,10.0,0.6886469201050631,3.0,0.07261606301678003,Li15C16O48V8,O,0.2508497224509818,3.4721917256130888,3.2166717922983956,1.0794361221205342,2.1632620000983325,0.5089560275233181,10.0,0.7864279435179975,2.0,0.09197331214493032
nebDFT2k:mp-752707_0_2_0_0_0,3.1830778705460943,3.05206161232977,1.042927134133545,1.9535734003455374,0.0,14.0,0.9592451462826258,4.0,0.2065989759364858,Li31B16O64Co16,O,0.5998021462366707,3.3820545295958757,3.134559374288398,1.0789569204965734,1.9620334336001914,0.0,13.0,0.9323967631812128,3.0,0.11259075818975373
nebDFT2k:mp-753109_2_0_1_0_-1,2.7303676428933152,2.658059695727692,1.0272032818833392,2.0165983762238966,0.21763762873538625,11.0,0.9611023760634606,5.0,0.08817582017907677,Li31O56Si8Fe16,O,1.5612197284895442,3.2338780236834586,2.8304364746675765,1.1425368675915133,1.819192100606714,0.49855700749480053,6.0,1.2183931978139109,9.0,0.19346018396332698
nebDFT2k:mp-753126_0_1_1_1_0,9.39886230313241,5.157183661636668,1.82247965552377,2.113650913785139,1.0,10.0,0.7364778111933552,4.0,0.13497787264409633,Li23O80Fe24Sn16,O,2.1017069793997454,8.396641126059501,5.311449661830022,1.580856764284291,1.764032914589949,0.6701127680294594,9.0,1.1703541114155187,3.0,0.5690672432978773
nebDFT2k:mp-753204_0_2_0_0_0,2.9668724031788978,2.825119911911118,1.0501757432207144,1.9700825533776491,1.0,6.0,0.7882999434477791,2.0,0.12768276091699282,Li39O64Si16Ni8,O,0.6821519790085553,3.5610678465945638,2.9761526771224216,1.196533993020037,1.9582025519718602,0.7556952059722652,9.0,0.9254179874294796,4.0,0.24949329767559392
nebDFT2k:mp-753340_2_3_0_0_0,5.952914958971525,3.4126072499999998,1.7443891203628914,1.9543511765459773,0.776895366312486,5.0,0.7695720724059382,5.0,0.26138513685034526,Li31F64V8,F,0.3230280232092112,6.674389992209749,3.36887796,1.9811907915505935,1.9668304552640916,0.2530051620753722,5.0,0.8586781958341844,5.0,0.3217126306933059
nebDFT2k:mp-753477_6_2_0_1_0,2.228893817020645,2.049739693492023,1.0874033537514256,2.538923982009962,0.7360201220380022,4.0,0.23182615115639546,1.0,0.08536445370276607,Li47S48Bi16,S,0.2715963524065561,3.1253886323223203,2.9218917322624733,1.069645599052459,2.4338530895996913,0.49451894810322955,4.0,0.2931379386277742,1.0,0.11226730340995567
nebDFT2k:mp-753791_0_2_1_1_0,5.381344905288558,4.954778642746825,1.086091890939704,2.042452002933156,0.0,6.0,0.6715459089852561,5.0,0.10899910428206427,Li7O32Si8V8,O,0.882412655895717,5.605806735534534,4.973350462150325,1.127169053980313,2.018356314246639,0.0,5.0,0.6810689332121331,6.0,0.3102242647811083
nebDFT2k:mp-753882_0_1_1_0_-1,4.427810600913375,4.105262938104632,1.0785693066855446,2.061233582763178,1.0,9.0,0.7597293825996224,1.0,0.04765605709452492,Li23C8O56P8V4Mn4,O,0.6668846447702166,4.773722457745914,4.17787702416552,1.142619189156102,2.034232927319212,0.5019804308915371,8.0,0.9030347473888969,3.0,0.14499272861156765
nebDFT2k:mp-753882_0_3_1_0_0,3.541042566163809,3.1172258861476982,1.135959566452808,2.055111934919456,0.49528769438095827,7.0,0.7490512482280212,2.0,0.12353233580214162,Li23C8O56P8V4Mn4,O,0.4533318383796243,4.188303714616948,3.2753301398988834,1.2787424582323936,2.0500977449388733,0.5109260619129856,9.0,0.8524620125007576,3.0,0.19455500273264603
nebDFT2k:mp-753882_4_5_0_0_0,2.8805890692307368,2.844368760769398,1.0127340410149708,2.0999114828401906,0.4992445802338063,9.0,0.7470650980413283,2.0,0.12163847847454567,Li23C8O56P8V4Mn4,O,0.7390367915413059,3.1239026571748907,2.994039340801093,1.0433739512384133,1.937714622334662,0.4996978183111604,8.0,0.9600198619452012,2.0,0.3517296866696116
nebDFT2k:mp-753882_3_2_0_1_0,3.7644293323689597,3.4119445567301194,1.1033090572774866,1.964147295244451,0.4999155579213898,6.0,0.8223174902648255,1.0,0.171999133792617,Li23C8O56P8V4Mn4,O,1.2277498211626885,4.289816379255061,3.620169056921922,1.1849768095920117,1.813702408455433,0.4996398423052508,9.0,1.1019420747670423,1.0,0.44403506503077284
nebDFT2k:mp-753899_0_3_0_0_0,5.8683375177861885,5.5976696858000095,1.0483536627166123,1.85294562102348,0.4979229381590541,10.0,1.4865840431946806,6.0,0.7961428107967012,Li15C32O96Fe16,O,6.495482146990113,6.323802014434319,5.599789704945268,1.12929276769977,1.5952485258469895,0.4836010516300557,13.0,1.9679464439833185,5.0,1.0875609723210313
nebDFT2k:mp-754292_1_2_0_0_0,4.619405184864054,4.559738412598028,1.01308556914168,2.0666060926550265,0.5000176436747087,8.0,0.9535828141956028,3.0,0.2606539480823228,Li23B8O56Cr8As8,O,1.5883215116087377,4.876061784320233,4.599980079865189,1.060018021743941,1.9851483085229056,0.5002414601143742,8.0,1.1710380949937762,4.0,0.47773215677602
nebDFT2k:mp-754292_7_5_0_1_0,2.938031097194266,2.9137917879641946,1.0083188199411486,1.9429170279957768,0.5002653463884057,6.0,0.8931006141987724,2.0,0.1496973156089626,Li23B8O56Cr8As8,O,1.7942423222820818,3.2849877011023847,3.1373723099956123,1.0470506451008292,1.789684469212525,0.5006006646593805,8.0,1.1562145380999769,0.0,0.4832190594720982
nebDFT2k:mp-754292_1_7_0_0_0,3.264884076430677,3.1537776584339094,1.0352296293619951,2.0838481855320152,0.0,8.0,0.7105660251603332,2.0,0.06407617612038707,Li23B8O56Cr8As8,O,0.8589947371296813,3.720909265286379,3.2246838650856415,1.1538834257749973,1.9569605858863646,0.5100525694873844,9.0,0.921593157114878,3.0,0.24833024004265147
nebDFT2k:mp-754292_0_3_0_0_0,4.61889133739199,4.559028412862692,1.0131306320356335,2.0666593063570438,0.49928417041787265,8.0,0.9534133208041778,3.0,0.2605849383457258,Li23B8O56Cr8As8,O,1.588771193061238,4.87418358578307,4.600003571701523,1.0596043046071222,1.9852547557542843,0.5026823382612117,8.0,1.1708929568163002,4.0,0.4776012415243759
nebDFT2k:mp-754292_0_3_1_0_0,4.523220485370951,4.400837276852707,1.0278090737782895,2.0906255539142085,1.0,8.0,0.7030447142302265,2.0,0.1314574792666251,Li23B8O56Cr8As8,O,1.042988058054955,4.5109725999425265,4.293110815520362,1.0507468345877669,2.013353192551903,0.5008768519320899,10.0,1.0165733094925464,4.0,0.3232815942006222
nebDFT2k:mp-754292_3_9_0_0_0,3.2649727346457262,3.1540725881032703,1.035160936676206,2.0837925717067964,0.0,8.0,0.7105828893443807,2.0,0.06414953863996775,Li23B8O56Cr8As8,O,0.8601218528759067,3.7229041457774272,3.2248551149100946,1.1544407463655053,1.9562725533310026,0.5132150051918071,9.0,0.9221778126369242,3.0,0.24907073661901147
nebDFT2k:mp-754923_0_2_0_0_1,3.406684982262277,3.2656480291572314,1.0431880447144952,2.014469130597546,1.0,5.0,0.6792824424608929,2.0,0.1659304456901347,Li31O64Al16V16,O,0.7134484083665238,3.5694041896047075,3.3041651355667243,1.0802741519129582,2.016625448766251,0.0,5.0,0.6770066296947701,4.0,0.10057527756637108
nebDFT2k:mp-755369_6_3_0_0_1,5.260498210043063,5.096976633508874,1.0320820730193572,1.9170099992283849,0.30392929270521435,7.0,1.0933942715349125,8.0,0.18901442479735509,Li23O48V12Ga12,O,4.616648929042725,5.29816512334077,5.0033694329052,1.0589194330718044,1.5165611242618562,0.5048929636771381,11.0,1.8307353993581545,11.0,0.7816009243115589
nebDFT2k:mp-755369_6_0_1_0_1,2.9706918389410566,2.8784110480475578,1.0320596292027484,2.019198838924601,0.4988115140475913,10.0,0.9521203532477867,6.0,0.10861261800490762,Li23O48V12Ga12,O,1.451453287633356,3.1396513992946127,2.8910873887302704,1.0859759589188718,1.8561644841614093,0.499359943217719,6.0,1.17841476975018,11.0,0.15369732047405882
nebDFT2k:mp-755369_11_7_0_1_0,5.164291227330185,4.982517488548005,1.0364823082307237,1.9026343069311151,0.5015690572655702,10.0,1.1620510476390202,9.0,0.17907230331157564,Li23O48V12Ga12,O,4.340843873281065,5.299433084409127,5.0071479453978665,1.058373577573218,1.5145804352377343,0.49307673619121567,10.0,1.7991878519696227,11.0,0.7834457222211211
nebDFT2k:mp-755369_2_0_1_0_1,5.195242161078897,5.046731184969457,1.0294271619918545,1.9195947624346177,0.6831047544471744,7.0,1.10227110538184,8.0,0.1750504992788403,Li23O48V12Ga12,O,4.316553699621748,5.316621386735608,5.0462020859965495,1.0535886784022155,1.519382774187333,0.5043815069857405,10.0,1.7892165200633738,10.0,0.7401396956001629
nebDFT2k:mp-755369_10_8_1_-1_0,2.848249074716663,2.8260780546605173,1.007845154885083,2.0399756777072264,0.16837720919056376,11.0,0.9608569508802574,3.0,0.06981503758333396,Li23O48V12Ga12,O,1.5828594571276566,3.3169891366307658,3.004613062919277,1.1039654914526613,1.8557937487294813,0.502170928204793,6.0,1.180492038350867,10.0,0.16498041734187963
nebDFT2k:mp-755369_1_4_0_0_1,5.271129583284101,5.096980557972303,1.0341670962506238,1.908017571867267,0.32058242924435315,7.0,1.1161247963140715,8.0,0.17116535691204693,Li23O48V12Ga12,O,4.564449509837984,5.29697555954229,5.009975157870322,1.0572857933678792,1.5131062446713544,0.4982772029211229,10.0,1.8119102579285933,11.0,0.7625911129869745
nebDFT2k:mp-755369_3_5_1_1_0,2.9710788199203706,2.8785693642156382,1.0321373029445617,2.0186475817485787,0.4983361824041962,10.0,0.9521995904407119,6.0,0.11007953207270227,Li23O48V12Ga12,O,1.448772091533714,3.1568700660645286,2.8986824577204,1.0890706768023064,1.8476916449183955,0.5070429349987096,6.0,1.1876388278612573,11.0,0.16239227728725614
nebDFT2k:mp-755839_0_5_0_0_0,5.778074062401069,5.147776695044784,1.122440697158252,2.0470934594904566,0.4374729015191652,10.0,0.8389195339741224,2.0,0.050286691700677344,Li23O64V8Cr24,O,0.8758194011117768,5.938570698302751,5.134165805328627,1.1566768436148382,2.0068786707538586,0.8344897107546244,11.0,0.9721527913131892,7.0,0.2328988106822747
nebDFT2k:mp-756174_1_0_1_0_0,3.510967604044808,3.2512051000144973,1.079897298398416,1.956965985234469,0.5037683701501705,5.0,0.7928467586394887,3.0,0.05532713438551928,Li15O80Si8V16Ge8,O,0.8493092657072019,3.6260574180173495,3.2925993599999996,1.1012750175646484,1.9032549853385836,0.5047177699910319,7.0,0.9635007502117923,1.0,0.1633095843246284
nebDFT2k:mp-756174_0_1_0_0_0,3.1101720077664017,2.916430300009231,1.0664311119509895,1.9777081153320255,0.4999823771652167,6.0,0.7921050795146709,2.0,0.04531139630214265,Li15O80Si8V16Ge8,O,0.7476761642431544,3.352593650710145,3.0902626399999997,1.0848895518829251,1.9058202158326838,0.5000173958154187,6.0,0.9351301359351103,2.0,0.13493897004794642
nebDFT2k:mp-756912_1_1_1_0_0,8.603210922760736,5.063391640919739,1.6991004316620484,1.9927747563086933,0.1149004177891287,11.0,0.9871567372600172,4.0,0.18647463442363788,Li15B16O48Zn16,O,1.672950393647236,8.248950990058045,5.063292000000001,1.6291675435779813,1.8780032930807633,0.665506171203449,11.0,1.1844407369316254,4.0,0.3296766811587587
nebDFT2k:mp-757068_0_1_0_0_0,3.132132579647564,2.8414912226078513,1.1022847984633115,2.0484231443457914,0.476306927164293,7.0,0.7103636383955079,3.0,0.07236915409029288,Li15O64P16Cr4Ni12,O,0.256721964285699,3.6280891593403495,3.04673426,1.190812473202159,2.0646638214010355,0.49713619926639796,7.0,0.7478310680857115,2.0,0.11554908820383192
nebDFT2k:mp-757461_1_2_0_1_0,2.94726976104242,2.6906275874113357,1.0953837591020914,2.0666708279564845,0.39884331005207363,10.0,0.8268435882350931,3.0,0.09455878466525824,Li31O80Si16Cr16,O,2.5729842200908264,3.0615264729502387,2.880874044850848,1.062707506571584,1.7956372662007043,0.5020521378024326,7.0,1.1989930418857444,2.0,0.4829545870710743
nebDFT2k:mp-757693_0_2_0_0_0,3.4494990124578795,3.27359425637245,1.053734440590189,2.0349025291303,0.41862240995411804,7.0,0.9091822612339544,5.0,0.11609971727744883,Li23C12O60Fe12,O,1.0664197717561978,3.670201015443916,3.4410064702413696,1.0666068335484615,1.9469133925759827,0.49659321126011274,7.0,1.1776588970153097,3.0,0.3231041308584066
nebDFT2k:mp-757714_2_3_0_0_0,3.1008914233097347,2.77116986467344,1.1189828031978653,2.1440687734305275,0.5016877797917846,7.0,0.6366938692049353,2.0,0.10494668854724687,Li15O64P16Cr8Ni8,O,0.2781773689092583,3.6569473545824303,3.0718186800265057,1.190482816697656,2.066641536848792,0.5015774609195726,7.0,0.7523427427813447,2.0,0.0745379317734387
nebDFT2k:mp-757800_1_4_0_0_0,4.698077533917007,4.577064012477414,1.0264391149238248,1.9869855378654973,0.3495968542432396,8.0,0.9530358851672345,5.0,0.25826714855961763,Li26C27O81Cu27,O,1.707191263280769,4.85516185054339,4.642101728429502,1.045897340165781,1.779002349451094,0.32929749178423123,8.0,1.313250340479926,7.0,0.5966122558014655
nebDFT2k:mp-758282_1_1_1_0_0,5.555787564761436,4.708605747628803,1.1799220114275366,2.1212938882523513,0.6465766413689485,8.0,0.7212066496886329,3.0,0.11828173943995368,Li5C8O24Cr4,O,0.3044696389551635,5.410840208554985,4.708741,1.1491055058146085,2.1131046040902146,0.15826051605846952,13.0,0.8265554102335662,4.0,0.1711735437171984
nebDFT2k:mp-758282_0_2_0_0_0,5.57730876953242,4.440176487547292,1.256100694459843,2.118962533925038,0.13923072269993694,9.0,0.7295980731009575,2.0,0.08378820921999008,Li5C8O24Cr4,O,0.4038304800649928,5.414009564486729,4.5481544718814835,1.1903750406804143,2.044535632084769,0.16051763914939984,13.0,0.8918429192189627,4.0,0.2488386746096588
nebDFT2k:mp-758380_3_8_0_0_0,4.960961972574301,4.8592790855359125,1.0209255087531517,1.8718307267954615,0.4526507806760394,12.0,1.4083246144246229,4.0,0.5748269571312608,Li23C16O80V16,O,6.021649483844676,5.778604936546705,4.856646297246465,1.1898344213007555,1.5953866900704652,0.48700363005557773,9.0,1.8859689388504686,3.0,1.0408557628501458
nebDFT2k:mp-758486_3_0_1_0_1,3.500154201752366,0.35007003730838565,9.998439822683228,2.0137151192713154,0.0,6.0,0.7066842915603672,3.0,0.057103444217247334,Li15O56P16Cu8,O,0.231173155133415,3.460864819194644,3.1043980770855497,1.1148263635196392,2.051844937500962,0.5006293084963549,6.0,0.6558628079572392,3.0,0.03690239350171698
nebDFT2k:mp-758720_0_3_1_0_0,2.9144179612287626,2.7677051287509213,1.053008837882977,1.9711965582212303,0.4948146080000747,8.0,0.9154008971900195,4.0,0.09634388588874365,Li39F48Cu8,F,0.7717642559333463,3.276858892400112,2.9418765974610723,1.1138668750511627,1.820059187678977,0.5041673336462468,6.0,1.2179381805787752,11.0,0.12417118157790497
nebDFT2k:mp-758793_0_1_0_0_0,2.9445972020639974,2.8000102284995805,1.051638016208925,1.9814564974675868,1.0,7.0,0.793532124937309,4.0,0.0950421784067732,Li31O64Si16Cu16,O,0.3309407651397373,3.181773177928657,2.9490326652009293,1.0789209680428786,1.9908027873700846,1.0,6.0,0.7616602414563425,4.0,0.22521799363263595
nebDFT2k:mp-759082_0_2_0_0_0,4.501810194323493,4.215826425898712,1.0678357549703477,2.046037601711906,0.7542582455916143,7.0,0.7862429514276987,2.0,0.2120053445876966,Li23O96F24P24V12Cr12,O+F,1.5427015941541369,4.573866482912351,4.24295889501582,1.0779898170319882,1.948006021954331,0.49884993356424234,8.0,1.1785501625222854,1.0,0.40797839627494914
nebDFT2k:mp-759082_0_2_1_0_0,2.842784519610193,2.7929544460069025,1.0178413484955091,2.0023330269169417,0.7753847574703884,8.0,0.7889127104853373,1.0,0.07258178112749836,Li23O96F24P24V12Cr12,O+F,0.9874953608162504,3.3785890755910137,3.036890190563174,1.1125160488481387,1.8392622768632196,0.502200176001479,8.0,1.091258191296157,3.0,0.3206864250488207
nebDFT2k:mp-759082_1_0_0_1_0,5.164040996479877,4.719508271352298,1.0941904748479667,2.0293991839457255,0.3518886283516201,7.0,0.7644368374416315,1.0,0.13063216353411933,Li23O96F24P24V12Cr12,O+F,0.3144669457706084,5.222844543047178,4.792273062150052,1.0898470256834552,2.0399648291166796,0.3364216861920251,7.0,0.8004681102805358,1.0,0.12299585528613355
nebDFT2k:mp-759132_4_3_0_0_1,3.2118643226802543,2.9058847661963783,1.1052965210607384,1.979851789922726,0.5177779295448787,5.0,0.7616973340658222,5.0,0.1308850246533848,Li23O40F24V24,O+F,0.4094899576534618,3.4063028353629425,2.9216346109513953,1.1658894040325325,1.9121037938974053,0.5072784650927357,5.0,0.8803895533341668,4.0,0.04743437703502773
nebDFT2k:mp-759139_2_1_1_0_0,2.9610889045108086,2.8661961257540134,1.0331075664725602,1.9622972677885342,0.7001097322417059,12.0,0.986546124182211,5.0,0.12538110708422978,Li63O64F32V32,O+F,0.9278507747210644,3.1580312604997216,3.0131357371796756,1.0480879508785985,1.8430689181677846,0.5071187116081535,6.0,1.1705530832284923,5.0,0.2657407732526603
nebDFT2k:mp-759220_0_15_0_0_0,3.21777423002454,3.180685926485038,1.0116604733685506,2.0845612313412194,0.49754990651664216,9.0,0.8165404050656389,2.0,0.18464073295347483,Li31O64F16P16Mn16,O+F,0.6005680545572323,3.4821927480850046,3.3403686913355837,1.0424576056880461,2.038468518613539,0.49739519429500506,9.0,0.9382733842060601,3.0,0.14099396296017497
nebDFT2k:mp-759229_3_6_0_1_0,2.9217071353526043,2.868324501851619,1.0186110858330446,1.9466638214664587,0.4864209975695936,8.0,0.937727599016316,1.0,0.1654031149018088,Li31O64F16P16Fe16,O+F,1.6428208980018253,3.1270342495807575,3.032574743673365,1.0311482861566583,1.7743482846107042,0.4953711255095187,8.0,1.2568286134273794,2.0,0.5124892422349057
nebDFT2k:mp-759244_7_6_1_0_0,4.216451757535339,3.8562541744425567,1.0934060792672855,1.9782747790595407,0.5904563197059002,9.0,0.896740777794183,4.0,0.18299559487074812,Li11O42ZnNb14,O,2.117524171863212,4.224254884265428,3.835572720510147,1.1013361477092747,1.893104497861434,0.49395523939043057,8.0,1.0537741003778316,5.0,0.3569426614392024
nebDFT2k:mp-759244_6_10_0_0_1,4.172986048702785,3.8287538815688493,1.0899071023580353,2.003435247024092,0.5826752342843969,9.0,0.8875956098057476,4.0,0.18294924473351193,Li11O42ZnNb14,O,1.9303739648507328,4.255782731753376,3.8205127031414507,1.1139297425327288,1.916312996094344,0.4975155515692087,8.0,1.0184806614044086,5.0,0.32624634450821577
nebDFT2k:mp-759244_0_2_0_0_0,4.223224908240825,3.864407429315261,1.0928518758668113,1.9793316272475439,0.4180874080521181,9.0,0.8991595498942964,3.0,0.20312742637209513,Li11O42ZnNb14,O,1.9201355439513816,4.250366891656881,3.8333111898112113,1.1087977680899446,1.9361889324027604,0.5121104304262956,8.0,0.9998433432954084,5.0,0.3355028444904157
nebDFT2k:mp-759244_4_6_0_0_0,4.179973113950743,3.844935475165641,1.0871373891575302,2.0198167073335593,0.5931380661658233,10.0,0.9012508559398285,4.0,0.19369590251080293,Li11O42ZnNb14,O,1.8082742243790424,4.254610879662971,3.8373448309889646,1.1087382205801057,1.9318972180706195,0.4950582913558002,8.0,0.9979703778583244,5.0,0.33416082138917635
nebDFT2k:mp-759244_5_10_1_0_0,4.131256171469716,3.824023449664794,1.0803427923099829,2.0055223039017633,0.4000738438431201,9.0,0.864812954178452,4.0,0.16273449476152713,Li11O42ZnNb14,O,1.8012484593355993,4.238439178681257,3.82385449345296,1.1084206226827227,1.9215035858854543,0.505512625464777,8.0,1.002079524589542,5.0,0.31930751695789195
nebDFT2k:mp-759667_2_4_0_0_0,5.947363576420651,4.7683077177792805,1.2472692469584337,1.9852716223475486,0.8463272727898974,10.0,0.8572753607088283,2.0,0.14831615782870655,Li15B16O48Sn8,O,0.8240526987073264,6.142758362965601,4.776380565856639,1.2860697086987463,1.9681916197090692,0.6762045978420554,9.0,0.9548329448187458,3.0,0.2586680818272695
nebDFT2k:mp-759667_3_4_0_1_0,4.077197337275143,3.86654650150314,1.0544803575206225,2.0036807590457117,0.0,9.0,0.8410704157784973,3.0,0.05217184372441175,Li15B16O48Sn8,O,0.3852412722483347,4.41961951969379,3.9599829341616646,1.1160703450428964,1.9997138383378024,0.0,8.0,0.8270476451102253,3.0,0.18838445136443926
nebDFT2k:mp-759667_2_1_1_1_0,3.092377333567055,3.058983380946705,1.0109166832446193,2.0053537817121905,1.0,8.0,0.8096087813976129,3.0,0.07911267394996535,Li15B16O48Sn8,O,1.225535513993852,3.398453069947405,3.0840853759470415,1.1019322280933386,1.8588356535138786,0.7508706910906268,8.0,1.0688628688195458,3.0,0.5021008837301686
nebDFT2k:mp-759753_4_0_0_0_1,5.611861506665301,4.8045057928232975,1.168041365471551,2.014207131603792,1.0,8.0,0.7419420099512253,2.0,0.17523619486964725,Li11O84P24V6Cr6,O,0.3462123037220133,5.7524346097320365,4.873125580198773,1.1804404616836073,2.0328822615644744,0.0,6.0,0.6945331620206587,2.0,0.19741703382750325
nebDFT2k:mp-759783_2_3_1_0_0,4.557949486678447,4.181674398368789,1.0899819193135738,2.0606315149648817,0.2375869390498146,8.0,0.7824724004364096,1.0,0.18721537799436538,Li23O96F24P24V12Cr12,O+F,1.5040190958380335,4.604345710413292,4.236697775940773,1.0867770027308312,1.9516756620447762,0.5045544326347245,8.0,1.1778262958844805,1.0,0.4084030132418436
nebDFT2k:mp-759783_4_3_0_1_0,5.209220669109463,4.685110183659,1.111867269905089,2.0377694711395677,0.6612734256584873,7.0,0.7470792590091218,1.0,0.12999394651123586,Li23O96F24P24V12Cr12,O+F,0.2805323140997633,5.22265461844558,4.788484278499118,1.0906696805701002,2.0402416443313425,0.3429829319251334,7.0,0.8018117603403015,1.0,0.1355056726450834
nebDFT2k:mp-760344_7_5_0_1_1,5.006000628453029,4.836628096872834,1.0350187213463249,2.026067552609157,0.4674171864354722,8.0,0.9440872773058939,2.0,0.30869818563608287,Li7C4O28Na4P4Co4,O,1.5966955080492298,5.343131040662764,4.8355550333694985,1.1049674760788686,1.975288486251586,0.5063509721377368,11.0,1.181005351100336,3.0,0.4764930144078625
nebDFT2k:mp-760344_4_8_0_0_0,3.470393484954781,3.0905066322835744,1.1229205751260622,2.09068800519203,0.5001050030597668,7.0,0.711063525753577,2.0,0.09291713749739727,Li7C4O28Na4P4Co4,O,0.4721916386079097,4.0705354297568475,3.2973312253430316,1.2344939442149543,2.038865706069844,0.5090806643888304,8.0,0.8273623922403457,3.0,0.18969995618928237
nebDFT2k:mp-760344_6_8_0_1_0,3.738752814908019,3.644504981553104,1.0258602564221908,2.0697143251169057,0.0,8.0,0.7106145989704256,2.0,0.08547133275509078,Li7C4O28Na4P4Co4,O,0.3897951919321269,3.994826914703065,3.7162108979791957,1.074973144520774,2.063069879867421,0.0,8.0,0.735843311067798,3.0,0.11180110598559978
nebDFT2k:mp-760344_4_6_1_-1_0,5.016918982614413,4.840188931774129,1.0365130480093687,2.0229456713871845,0.5322844566466159,8.0,0.9475640800603944,2.0,0.31238850349436587,Li7C4O28Na4P4Co4,O,1.586558121033264,5.335110213078266,4.828959665401061,1.104815650315681,1.9750712610475056,0.4951659663640519,11.0,1.178141798945309,3.0,0.4658431806210753
nebDFT2k:mp-760344_7_4_0_1_0,4.55654307715063,4.24398907076914,1.073646279754638,2.0661085072792766,0.0,7.0,0.6989544781238368,2.0,0.10689003656236551,Li7C4O28Na4P4Co4,O,0.7149224621247443,4.840891017747405,4.262696351167465,1.1356405943439027,2.0062303685302147,0.49452321036979185,8.0,0.9593159503795302,3.0,0.22613688491561457
nebDFT2k:mp-760344_7_9_0_1_1,3.7333739714653023,3.6476694116284873,1.0234957037399266,2.0705186113643546,0.0,8.0,0.7091767385322671,1.0,0.08947837993625196,Li7C4O28Na4P4Co4,O,0.4070264040070666,4.003009648907078,3.736679306432763,1.071274605239958,2.06619596894192,0.0,8.0,0.7331790647201628,4.0,0.10611870257956124
nebDFT2k:mp-760344_10_9_0_0_1,6.2687649937701675,5.404150968804928,1.159990723789206,1.9898510618022653,0.7019960572220975,11.0,1.0663982966281644,4.0,0.501940484081691,Li7C4O28Na4P4Co4,O,2.421132395675313,6.592542532138372,5.587874354422952,1.1797943393126225,1.8653143532312093,0.32391649929275074,9.0,1.2255376571595604,5.0,0.5812260720415018
nebDFT2k:mp-760344_6_4_0_1_0,4.552870098113914,4.242883163064571,1.0730604457242334,2.065928067777672,1.0,7.0,0.6989600257548667,2.0,0.10731221602491403,Li7C4O28Na4P4Co4,O,0.7061521917282547,4.83066692552826,4.2549364981994,1.1353088177867043,2.0141933669006535,0.49514512269522365,8.0,0.9450152296505605,3.0,0.2091719164478012
nebDFT2k:mp-760344_10_4_0_1_0,3.7352169751090982,3.6418890530335877,1.0256262397663574,2.070334076623216,1.0,8.0,0.7091227118458479,2.0,0.08326278823406963,Li7C4O28Na4P4Co4,O,0.4046139122456571,3.990718959653225,3.713775548678622,1.0745719301946346,2.0636688422384895,1.0,8.0,0.7369570883469119,4.0,0.11270787269293758
nebDFT2k:mp-760344_9_5_1_0_0,3.4662345404554356,3.0905716188931125,1.1215512752611332,2.089860184858327,0.4983049077249574,7.0,0.7124981175247067,2.0,0.09483086946090202,Li7C4O28Na4P4Co4,O,0.4788261898152983,4.0455931946762504,3.2726510688319674,1.2361822600660424,2.0383375203970604,0.49366386549028574,8.0,0.8278198731570647,4.0,0.17812115107600635
nebDFT2k:mp-761094_0_2_0_0_1,5.308903970132678,5.109310206024497,1.0390647183396373,1.883883158855339,0.4794085619144279,13.0,1.3212546948417638,10.0,0.3528019556207497,Li39O80Fe4Co36,O,8.924131156550306,5.4154408467977815,5.10764004105517,1.0602628226085846,1.4641603080611378,0.49478712941487746,12.0,1.9970292194675199,11.0,0.9764836954179772
nebDFT2k:mp-761094_1_5_0_1_0,5.180747917620758,5.035807866502224,1.0287818866328606,1.980979919947695,0.32349771660313037,7.0,1.003949208700405,11.0,0.0820017172403813,Li39O80Fe4Co36,O,3.985395659804668,5.329006253950762,5.051701320998002,1.054893374594438,1.551229916010202,0.5115493829561603,10.0,1.7187298111299434,11.0,0.6787041411557027
nebDFT2k:mp-761269_2_1_1_-1_0,5.3726156269446115,5.236895367277378,1.0259161679103384,1.836675377003642,0.3410861025969735,7.0,1.1335520736233156,5.0,0.13134195746430044,Li31F64Ag16,F,3.0925325683270746,5.668750415482585,5.255075928023864,1.0787190314896709,1.4870873635487187,0.50188176920942,8.0,1.7476181949077594,6.0,0.6584676063703698
nebDFT2k:mp-761849_6_5_1_0_0,3.250060683621876,3.126427918897393,1.0395444155220073,2.013936185760942,0.7527283092691552,9.0,0.7978095688498543,2.0,0.04871586617992374,Li11O56Na20Ti20,O,0.5553302800402262,3.5434892704856735,3.151581216730247,1.1243528333253712,1.9516381480237377,0.5052641505192061,6.0,0.9489591445148338,3.0,0.25845314998498925
nebDFT2k:mp-761849_5_7_0_0_1,2.9533334865650294,2.4518512052380688,1.2045321022155044,2.10782655479315,0.25398564646984556,6.0,0.6564000272190287,4.0,0.0940499238909216,Li11O56Na20Ti20,O,0.2420158790543649,3.422331682791324,2.902129184381664,1.179248567296461,2.0462788563757326,0.5001014118483897,5.0,0.731058866336614,3.0,0.10168207339247826
nebDFT2k:mp-762319_14_26_0_0_0,2.6775086307571954,1.8746860061507236,1.428243781610607,2.0072899942401814,0.46226056173753904,7.0,0.7569980409377272,1.0,0.12284213200078165,Li31O32Ti8,O,0.3654362823960893,2.6762383240983563,2.4386869266123266,1.0974095505633523,1.931055718610974,0.4795643119406181,7.0,0.9089115912820245,3.0,0.19000585710394557
nebDFT2k:mp-763177_1_3_0_1_-1,2.6316245822025044,2.5082501557883936,1.049187448919078,1.9668027938139319,0.47537573599925975,8.0,0.9770901505492273,5.0,0.08171448717730967,Li63O64F32V32,O+F,0.8724040001665392,3.0190916432002513,2.874600156675127,1.0502648989945957,1.8328251849003145,0.4938621921713977,7.0,1.1758498686603827,4.0,0.301354388493728
nebDFT2k:mp-764867_1_8_0_1_1,6.468159418651844,5.757545086688716,1.123423146716827,2.0041403275148815,0.4681934455905279,7.0,0.8166029334270205,2.0,0.15456357345173044,Li23O96P24Mn8Fe8Co8,O,3.051324794156683,6.740900744290791,5.765287384979082,1.1692219822126435,1.7763644027719212,0.49154679236772136,8.0,1.3057680776311573,5.0,0.4984591575119577
nebDFT2k:mp-765411_1_6_0_0_0,2.7556792726643797,2.5933822413009766,1.0625812226129792,2.0685917962445415,0.4849192007835544,8.0,0.8604865453380774,8.0,0.12868659687200035,Li47O80Si16Cr16,O,0.7894969486511527,3.1187798885204523,2.8374521584105925,1.099148008284815,1.8845598332280102,0.5029480492439001,6.0,1.0643458230028753,11.0,0.07648052698332297
nebDFT2k:mp-765501_2_0_1_0_0,5.237488426479695,4.909483871899768,1.066810394562515,1.8355295660233084,0.6916090366090936,7.0,1.2311333688565673,9.0,0.1418067376540284,Li31O32F16Ni16,O+F,5.166685903379613,5.334792763964439,4.972665590492419,1.0728235524553262,1.4888090654889468,0.49662571174875747,12.0,1.9672090275398302,11.0,0.8161298146527611
nebDFT2k:mp-765964_0_6_1_0_0,4.530037698165633,4.256614499459573,1.0642348981193326,2.0522411169169583,0.0,8.0,0.7428131465853557,3.0,0.10869501576736462,Li31O112Si32V16,O,1.8177470151623096,4.732139462225401,4.269139463825761,1.1084527695388817,1.8395872951500296,0.5131765779577369,10.0,1.20591259851492,2.0,0.48872648269015573
nebDFT2k:mp-766130_4_2_1_0_0,6.385150756938662,5.693228034330339,1.1215343419297468,1.9668700789265157,0.5258345477944024,6.0,0.8656162878680601,3.0,0.18595891531713293,Li15O64P16Mn4Fe12,O,3.181846895572704,6.679409354725051,5.749963366464705,1.1616438104077529,1.782299549134451,0.48931958601113124,8.0,1.3333861235023834,4.0,0.5244510725971081
nebDFT2k:mp-766612_6_10_0_0_0,5.198326765151778,2.5519415350097088,2.037008565375304,2.045226214125869,1.0,8.0,0.7903843448998378,1.0,0.14046064875891873,Li23C8O56P8V8,O,0.7247375007712467,3.8023562875907406,3.2177970203336037,1.1816644317721858,1.970924255533962,0.506337530083511,11.0,0.9550382032039163,4.0,0.32812070354132694
nebDFT2k:mp-768421_3_7_0_0_0,3.130981446024046,2.923105716516852,1.0711146806400478,2.0038594813773547,0.4340001455643492,8.0,0.9108774088440735,8.0,0.15425723715646533,Li47O72Ti10Cr14,O,0.8987263936657695,3.265158836755371,2.9275694692134198,1.1153138708037746,1.8719029403490401,0.4991964620624894,6.0,1.1353089764735593,11.0,0.08855512067302462
nebDFT2k:mp-768433_7_19_0_0_0,2.6229498488267353,2.53803604873647,1.033456498828115,1.9871922376916658,0.22346443147671521,13.0,0.9671885279631213,5.0,0.07081343517024397,Li47O72Ti10Cr14,O,1.7851234266943043,3.227010571195984,2.918479983369306,1.105716191162801,1.817084658366686,0.48985146391690093,6.0,1.217949054758502,11.0,0.2071162164153515
nebDFT2k:mp-768508_3_7_0_0_0,3.674715946980547,3.503055403532611,1.0490030912085566,2.0833758584553213,1.0,6.0,0.6302324251277771,2.0,0.1403938664176806,Li15C8O56P8Fe8,O,0.8170667154476803,4.206144374107272,3.5479664016881687,1.1855085133010093,2.0001938285390413,0.7469721187661998,9.0,0.9323555629394392,5.0,0.3143114423544979
nebDFT2k:mp-768738_3_2_1_1_0,5.088264340128785,4.72576946025589,1.0767060016197376,1.9745976233546125,0.507672574460317,8.0,1.0790967513936065,2.0,0.3831762202951773,Li47B32O96Bi16,O,3.972911767905985,5.816531668632365,4.694878314143601,1.2389099949853262,1.6770517651343892,0.5142699207582733,10.0,1.7500628632783763,4.0,0.9566981034670214
nebDFT2k:mp-768843_14_11_0_1_1,2.9150319575286887,2.626165234827143,1.1099956388389853,2.059461317314461,0.4624404252348955,7.0,0.8084801121498634,8.0,0.13326661399589035,Li47O72Cr14Mn10,O,0.8562445707297917,3.147208771296291,2.7783435068693385,1.132764456056261,1.8729385208502733,0.49596455184559984,6.0,1.1054332514883487,11.0,0.09083663875633952
nebDFT2k:mp-769036_28_3_0_1_1,3.277594828118831,3.1180056153039875,1.0511831062880508,2.418667473793353,0.5150773513710025,6.0,0.35790223690271805,1.0,0.06832891956892373,Li63S72Nb16,S,1.4384065591897728,3.659638196008837,3.1805623372506804,1.1506261497054247,2.167365190682449,0.4974458365976056,6.0,0.5996852451897894,2.0,0.3223014188598234
nebDFT2k:mp-769036_8_9_1_0_0,3.43920591678596,3.261417451447093,1.0545126369088331,2.44696975236713,0.49966750828217227,5.0,0.32699417565830663,1.0,0.06983801758012187,Li63S72Nb16,S,1.1734932825914075,3.7365867313387,3.287114679350195,1.1367375634358328,2.1815338254507726,0.5019223057959546,6.0,0.5816638818465356,2.0,0.30021691403466055
nebDFT2k:mp-769036_8_10_0_0_0,3.277424723955826,3.2554474405712446,1.0067509255749878,2.5277731087410804,0.15145606002726028,4.0,0.2509342042882007,2.0,0.03873418754535704,Li63S72Nb16,S,0.8142473596170416,4.506093214786574,3.3782178861749994,1.3338669578499616,2.3345727997193686,0.755922890251535,5.0,0.4074902911670927,1.0,0.22730706729122224
nebDFT2k:mp-770232_3_11_0_0_1,2.9550012394346177,2.806513021143094,1.052908437328769,1.9965167863846878,0.19409198093847652,14.0,1.0405828961501562,6.0,0.1522537345059637,Li47O72Cr10Mn14,O,0.9578738105148596,3.2788024399648497,2.8907128676990643,1.1342539332087642,1.8557428090953059,0.4946875477691367,6.0,1.157753870771571,11.0,0.10210964520501853
nebDFT2k:mp-770551_3_4_0_0_1,2.56564203952812,2.5384048254936653,1.0107300513144737,2.064548073957238,0.0,10.0,0.8165712867108749,4.0,0.2369966451859753,Li31O64Al16Mn16,O,1.1413793145786202,3.5247524804138033,2.7975925274459583,1.2599234684229372,1.9763002101064695,0.24934501939092,9.0,0.8979991427081433,1.0,0.05578591657539289
nebDFT2k:mp-770649_0_3_0_1_0,2.536876969761818,2.499798076047067,1.0148327555213514,2.060067279377334,0.0,10.0,0.8983123613189412,3.0,0.0901630173668404,Li89O90Nb18,O,0.8481621803652044,3.4263725646932777,2.6763751557587723,1.2802288039928675,1.8732769624662047,0.24319932306793604,8.0,1.0417729887132232,5.0,0.26908252371520014
nebDFT2k:mp-770749_2_4_0_0_0,2.6147452474396378,2.58781308368644,1.0104073064329793,2.036246982163486,1.0,9.0,0.851151105159673,2.0,0.09762508265396075,Li15B16O48Ti8,O,0.7774591581895764,3.0229469487047513,2.9609886350611325,1.0209248738444887,1.9934618921683045,0.7509199400454095,11.0,0.942430778017053,2.0,0.20377749348723617
nebDFT2k:mp-770861_11_9_0_1_0,2.440630711362621,2.370546789080663,1.0295644543296012,1.9688242581575706,0.7532755244147281,11.0,1.0408882492356126,2.0,0.07287260799096895,Li63O72Cr16,O,1.879694843183844,2.7225517630204576,2.589116150268002,1.0515371288918975,1.803364841291494,0.4985334906098697,10.0,1.313391483716179,2.0,0.30130041275538244
nebDFT2k:mp-770876_2_3_0_1_0,3.621047569272135,3.582821794275749,1.010669181218407,1.9582382703371595,0.49981545831850566,10.0,1.1982654396260313,1.0,0.29753740153589336,Li47B32O96Ni16,O,1.078933826100147,3.9058879452972093,3.6983780446477894,1.056108352943995,1.9327112196299572,0.5042763439137948,10.0,1.3753588431378594,2.0,0.5048564708509445
nebDFT2k:mp-770921_0_4_0_1_0,3.304002609193759,2.9973538006388503,1.1023065106593524,2.0055272622883766,1.0,9.0,0.8010728231316901,2.0,0.1347172675242334,Li31B16O64Ni16,O,0.5194807537296713,3.770156433356418,3.09151370031003,1.2195179445519944,1.9584802598267856,0.7537119394119668,10.0,0.911894444160786,3.0,0.27586109010538085
nebDFT2k:mp-770939_10_9_1_0_0,3.5738786467966692,3.2604976565487034,1.0961144657222925,1.9482425065860896,0.49543874266842647,8.0,0.8857440080601728,1.0,0.25298431194221516,Li11C4O28Fe4As4,O,0.8930912328647655,4.243789856627867,3.570054503791644,1.1887185061518444,1.850062080111623,0.4998358088101287,9.0,1.0699590930303309,2.0,0.4416922399649348
nebDFT2k:mp-770939_2_10_0_0_0,3.5479535655202774,3.328155180325251,1.0660421084011913,2.081008992012591,0.0,7.0,0.6760316796858675,2.0,0.09796663791217264,Li11C4O28Fe4As4,O,0.8314394690492988,3.948528414102992,3.3457539951092254,1.18016101000698,1.9570986364711573,0.5076581429234466,11.0,0.9824436076403543,4.0,0.3532114270450808
nebDFT2k:mp-770939_10_1_1_0_1,3.3920639449982586,3.3245212005607123,1.0203165329269535,2.1040369043151927,1.0,8.0,0.6661375787612323,2.0,0.07940001397283314,Li11C4O28Fe4As4,O,0.2638818107767076,3.913098550067093,3.6430484541421166,1.0741275059402329,2.0814865370151043,1.0,8.0,0.7376586563765513,3.0,0.10842647525666604
nebDFT2k:mp-770939_3_11_1_0_0,3.5466940900718154,3.326803030239765,1.06609680760577,2.0813171182251815,0.0,7.0,0.6756994115042967,2.0,0.09811979743270571,Li11C4O28Fe4As4,O,0.8293287089360029,3.9490792548073124,3.3470159143806404,1.1798806327271625,1.9585489521676562,0.501137259312952,11.0,0.9811436153522524,4.0,0.35178204750340036
nebDFT2k:mp-770939_11_0_0_0_1,3.3928728431483437,3.325534680530456,1.0202488228470816,2.10397730909995,1.0,8.0,0.6661023478847579,2.0,0.09791630439741672,Li11C4O28Fe4As4,O,0.2703811913273324,3.9088232430957053,3.6440351809941345,1.0726634208919283,2.081182814690127,1.0,8.0,0.7377557404491304,3.0,0.10839417288024367
nebDFT2k:mp-770939_2_5_0_0_1,3.3937942793499705,3.3268880317501672,1.0201107602544128,2.1039978219650184,0.0,8.0,0.6660900048845593,2.0,0.09854062791080231,Li11C4O28Fe4As4,O,0.2606538345675928,3.8952806483422044,3.645270759385553,1.0685847240051911,2.0812931356323876,0.0,8.0,0.7376406852541024,3.0,0.10822172425814014
nebDFT2k:mp-770939_8_11_0_0_0,3.5931980576570326,3.2757781779699435,1.096899076323843,1.9483607473120097,0.5003362415489219,8.0,0.8857054058825301,1.0,0.2541919987399772,Li11C4O28Fe4As4,O,0.8917616142784506,4.244597725180067,3.5684780458294574,1.1894700403553842,1.849755776869959,0.5014850789343821,9.0,1.0697855078516176,2.0,0.4412434714445611
nebDFT2k:mp-770939_2_6_0_0_1,3.4628564818186116,3.3901224998342077,1.0214546766342398,2.101876068016093,0.0,8.0,0.6680341134933316,2.0,0.10787179083543041,Li11C4O28Fe4As4,O,0.2686026020825851,3.9283808357257284,3.679528784749176,1.067631499992061,2.0812931378505604,0.0,8.0,0.737640682363176,3.0,0.1090438473665154
nebDFT2k:mp-770939_2_9_0_0_0,3.3536073366337513,3.078358987905281,1.0894139864161092,2.06948142815084,0.5130304746972205,8.0,0.7508068754194696,1.0,0.15617531098079984,Li11C4O28Fe4As4,O,0.4416675974502966,4.298071413782686,3.310944783865044,1.298140468765328,2.031218224962931,0.5004456192491291,8.0,0.8527271719570428,2.0,0.22446031596309357
nebDFT2k:mp-771011_2_1_1_-1_0,6.38919179993546,5.281696419181463,1.2096855428365632,2.0890933292212424,0.1558947257084206,7.0,0.7127668655390915,2.0,0.20626465312356201,Li15C8O56S8Fe8,O+S,0.6340458436333398,6.42205878400557,5.160514050014817,1.2444610598409533,2.087236037099544,0.0,7.0,0.6517762989114537,5.0,0.22998629005824522
nebDFT2k:mp-771011_3_0_1_-1_0,6.213961421519809,5.282009648089883,1.1764388623877173,2.107890891555959,0.8019383628917454,8.0,0.7297683170361428,2.0,0.21965166533379832,Li15C8O56S8Fe8,O+S,0.6189355504548653,6.45388584756691,5.162170227729301,1.2502272421972802,2.087357176356781,1.0,7.0,0.6514918343454718,5.0,0.24627983963970224
nebDFT2k:mp-771019_2_5_1_1_0,3.469438236865102,3.342645971846948,1.037931706224963,2.039358513546421,1.0,10.0,0.8021622003852951,1.0,0.11862272909018945,Li31B16O64Co16,O,0.5756586410425635,3.7213710443087527,3.523492622731292,1.0561597377275256,1.9835406896787098,0.0,8.0,0.8140637150403379,2.0,0.26604575360292937
nebDFT2k:mp-771821_0_2_0_0_0,2.8497697791689864,2.7347064627370377,1.042075198197611,2.1013844150413084,0.500029497418807,5.0,0.6115639420698019,2.0,0.02598010521019367,Li15O64Co16Nb16,O,1.2669214033709637,3.385428133986939,2.9834472548887105,1.1347370490426931,1.8825702115515952,0.4976047169617654,6.0,1.1429985568342547,3.0,0.40109425645626307
nebDFT2k:mp-771906_1_0_1_0_0,3.0082181251570965,2.8885416064029403,1.0414314678690704,2.007695146533781,0.0,6.0,0.7420499889568914,4.0,0.12209169256182328,Li47O96Al24Co24,O,0.298818506901628,3.2980621350849195,3.0342799548027273,1.086934028570657,1.997645612951238,1.0,5.0,0.7146181514471105,4.0,0.12481851365679664
nebDFT2k:mp-772502_1_2_0_0_0,4.866945962483257,4.683464472923691,1.0391764452619037,2.019589686105276,0.7208401144973425,7.0,0.8112688469664813,3.0,0.16792721677643085,Li15O96Si32Fe16,O,2.181658845735378,5.191131288866593,4.836316333264197,1.0733647121388603,1.8571506339048856,0.6692538453490995,8.0,1.1194622257337983,2.0,0.3850179378844273
nebDFT2k:mp-772542_0_2_0_0_0,2.6290493668172203,2.6157074162595864,1.0051007044880855,2.0146134511748226,0.5000151412216526,5.0,0.7828773575441581,2.0,0.055827399269583355,Li15C8O56Si8V8,O,2.059098182262841,3.1131658548292145,3.0330488202749226,1.0264146867728392,1.8340565249729963,0.500340379574995,6.0,1.0505766731430994,2.0,0.36558849230816304
nebDFT2k:mp-772613_0_1_0_0_0,3.4841432670415946,3.4819993564575644,1.0006157125158723,1.9507561755724372,0.0,4.0,0.7372749749553955,5.0,0.10664510003773486,Li15O64Cr24Ni8,O,0.9458216589329104,3.5149419435190588,3.511679195011275,1.0009291134886178,1.896132211512395,1.0,7.0,0.9350803822542227,7.0,0.2458652200739655
nebDFT2k:mp-772658_3_3_1_0_0,6.815861019375834,5.023898382073052,1.3566876757892046,2.05157092941915,0.6977113117852671,10.0,0.8380158013051269,4.0,0.1291337578660805,Li17O96V24Mn14,O,1.7713925844842044,7.162810056860545,5.024009,1.4257160082437241,1.9509939911685188,0.17069357198349483,8.0,0.8860880133162445,6.0,0.18963545612730082
nebDFT2k:mp-772851_6_10_0_1_0,5.0207828352734225,4.649538270790952,1.0798454691328558,2.030278091475182,0.4806195986990689,6.0,0.8315086021151881,3.0,0.2381317009325966,Li11C8O56Na12P8Fe8,O,1.0720157253194502,4.8226492204069755,4.55943240822525,1.057730170910502,2.0618395071513893,0.5088796012248092,9.0,0.9687485996022989,2.0,0.3246003075853201
nebDFT2k:mp-772981_0_2_0_0_0,3.602632876390733,3.414204425137833,1.055189563303695,1.9747905576516391,0.4103543499930096,8.0,0.8568911342057013,7.0,0.21067589372138462,Li3O32Zn6Ge12,O,1.159849656478538,4.033081993487983,3.4348228955947264,1.174174656475169,1.9227126185304526,0.4924066423444141,8.0,0.9623701833582381,8.0,0.2839615255695024
nebDFT2k:mp-772981_1_2_0_0_0,6.172118219856882,5.869780699701077,1.0515074643540263,1.9228876812975324,0.5292905399901744,7.0,1.107099687625525,7.0,0.3917391753102639,Li3O32Zn6Ge12,O,2.642479829933849,6.371111389683551,5.891148418927562,1.0814718857216234,1.8188314649169364,0.4970159104833898,7.0,1.4251902617780836,7.0,0.7233294836012616
nebDFT2k:mp-774843_2_3_0_0_0,3.660194421603132,3.6462836041000757,1.0038150673434767,1.9486644408482823,0.0,7.0,0.8316624813044413,5.0,0.1848017858002554,Li15O64V12Co12Sn8,O,0.8162889274147298,3.514272616572191,3.5097863670969853,1.0012782115507834,1.9323761660352112,0.0,7.0,0.8592305726502717,6.0,0.2277977578036019
nebDFT2k:mp-774843_2_3_1_0_0,3.505492530459242,3.483048771072678,1.00644371091584,1.9541494886333788,0.0,7.0,0.8255641995176544,5.0,0.18457177456893792,Li15O64V12Co12Sn8,O,0.7270213766881712,3.6691762436158823,3.646506616585063,1.0062168067727377,1.932376166035211,0.0,7.0,0.8592305726502719,5.0,0.19227518483966044
nebDFT2k:mp-774843_2_3_0_1_0,3.56864923864707,3.5449788794653916,1.0066771509750851,1.9434063137657138,0.0,7.0,0.8406611135315664,6.0,0.20456119105169746,Li15O64V12Co12Sn8,O,0.9139213296264546,3.605502309437232,3.595024085054084,1.0029146465045142,1.932376163703357,0.0,7.0,0.8592305754598525,6.0,0.205836193433643
nebDFT2k:mp-774843_2_0_0_1_0,5.683157486856144,5.269499267117189,1.0785004796034932,1.8761021829757492,0.4189192200057937,7.0,1.088668567689405,4.0,0.4703658471781742,Li15O64V12Co12Sn8,O,11.480077572003148,5.788599849940695,5.188555749430123,1.1156476155385777,1.4727037667819625,0.3360933307805004,10.0,1.943278704205017,6.0,1.2514282581067997
nebDFT2k:mp-774843_0_1_0_0_0,3.6616548666024253,3.645494481085393,1.0044329748956913,1.918670789567548,1.0,8.0,0.9049412929770313,5.0,0.27194963956624096,Li15O64V12Co12Sn8,O,0.7866093782721979,3.5470243781878907,3.5434926544850125,1.0009966787142646,1.9299987404676595,1.0,7.0,0.8653847984530388,6.0,0.22244081166522578
nebDFT2k:mp-774946_0_2_0_0_0,3.744122174339702,3.6138498733485616,1.0360480666205516,1.9861348589313834,1.0,4.0,0.6945911809879046,4.0,0.08379877061137864,Li7O32V12Sn4,O,1.0666503555341575,3.986247400365377,3.5668287847265496,1.117588659549573,1.9631864880064334,0.25130822316047874,10.0,0.9229025714192663,6.0,0.2714186141261328
nebDFT2k:mp-775195_1_5_0_1_0,3.000884202886188,2.7159227743512124,1.1049225078216915,2.19777642978677,0.8341272908218644,8.0,0.6410247994725347,1.0,0.08944538625987342,Li23O96P24Mn22Fe2,O,0.3481891275780064,3.651172511140534,3.090881169967243,1.181272365504504,2.0829406193654036,0.4963628622471744,7.0,0.7285532220431739,2.0,0.07714836725988883
nebDFT2k:mp-776519_1_0_0_1_0,3.5283817910215145,3.5128794544430884,1.0044129998707525,1.9630046917219925,1.0,4.0,0.7219019480867431,6.0,0.2505387200665319,Li15O64Ti12V8Ni12,O,0.8254459098244469,3.538160839925472,3.536432448149815,1.0004887388069752,1.9549378923428151,1.0,4.0,0.7322855727122486,7.0,0.180234197260831
nebDFT2k:mp-776806_0_1_0_0_0,3.6244189919571284,3.6198673464298925,1.0012574067200901,1.9663009693499307,1.0,8.0,0.8198317264347252,6.0,0.16340817958223386,Li15O64V12Fe12Sn8,O,0.7498413355400386,3.5190758958348445,3.5119985423944264,1.0020151925904823,1.9371501818225292,1.0,7.0,0.8489851634650114,6.0,0.19295163316580488
nebDFT2k:mp-776806_3_2_1_1_0,3.6249728170728064,3.5788349859003277,1.012891857644806,2.0020371123086735,1.0,7.0,0.7541837996451587,5.0,0.1430401210067711,Li15O64V12Fe12Sn8,O,0.626901023599906,3.6848288746944915,3.6768738247706185,1.0021635362819037,1.9327753116794102,1.0,7.0,0.8555261737057972,6.0,0.1943644004731021
nebDFT2k:mp-777279_19_7_1_0_0,2.9479191535461906,2.797787949354167,1.053660680119335,2.0046796056040055,0.7967807677196986,11.0,0.9217222752077688,3.0,0.07478594007635797,Li39O8F40Fe8,O+F,0.9121859527228152,3.1611358430094274,2.9670623885320375,1.065409293457226,1.8148420433802284,0.5020613805054276,9.0,1.2741314669330221,2.0,0.32104926599603834
nebDFT2k:mp-777670_0_1_0_0_0,3.612903614509827,3.6099152953437215,1.0008278086663032,1.9701645713053542,1.0,8.0,0.808816549952392,6.0,0.12777096055172088,Li15O64V12Cr12Sn8,O,0.784105154832681,3.5246122162700484,3.516266415613441,1.0023734835959952,1.919262149469189,1.0,7.0,0.8734090153533801,6.0,0.20203490933214552
nebDFT2k:mp-777670_0_2_0_1_0,5.747544177890779,5.2347332667601085,1.0979631406220742,1.8797251365616505,0.8187439019334253,8.0,1.0935052489517645,5.0,0.45173819226564915,Li15O64V12Cr12Sn8,O,9.47937736223693,5.89232303492962,5.192091491629482,1.1348650239366984,1.459809493565599,0.6658986776252144,10.0,1.9087897684773043,6.0,1.2374156677810308
nebDFT2k:mp-777670_1_0_0_1_0,3.563059610842184,3.5610747559046954,1.0005573752514454,1.9691294215240762,0.0,8.0,0.8115875074007056,6.0,0.13261500984515984,Li15O64V12Cr12Sn8,O,0.6802465864737621,3.6314229349827216,3.609887368461071,1.005965717022033,1.9192621515810715,0.0,7.0,0.8734090126467122,6.0,0.21067911981291698
nebDFT2k:mp-778325_0_1_0_0_0,3.552368414173416,3.528582420646656,1.006740948826243,1.9502023055589301,0.0,4.0,0.7394830759289651,6.0,0.11934194649130425,Li15O64Ti8V24,O,0.8928263255085278,3.501488818405191,3.4996326753360365,1.0005303822547538,1.935233707565212,1.0,8.0,0.8826160987636364,6.0,0.1969879026271656
nebDFT2k:mp-778830_1_9_1_1_0,0.2584604363353948,0.25619287175627065,1.0088510057425852,2.0038157896607,0.0,12.0,1.086306827065607,0.0,0.05935449711008367,Li39O64Ti8Fe12Co12,O,0.6744936749621813,2.14240472215724,2.1299574002200767,1.0058439299940352,1.9061909234787566,0.0,9.0,1.188607138972234,4.0,0.20889600805091635
nebDFT2k:mp-778830_4_0_1_-1_-1,0.3127687961182891,0.28991005492580724,1.0788477005336425,2.0772757160329363,1.0,12.0,1.0018181614221089,1.0,0.025865895309284515,Li39O64Ti8Fe12Co12,O,0.7246376968591697,2.114481085087104,2.111722885288491,1.0013061371914982,1.9061688352993895,1.0,9.0,1.1902947232546464,4.0,0.25295064008585244
nebDFT2k:mp-779432_2_7_0_1_0,3.301650367993696,3.1045844005322136,1.0634757964472474,2.182154067815642,0.0,6.0,0.5562165019147138,2.0,0.1666663817225566,Li7O40P8Cr8,O,0.0936539965163167,4.8125699172204515,4.3637620285080505,1.1028488459683137,2.2814322581017223,1.0,4.0,0.44208089512730814,4.0,0.19998059025116094
nebDFT2k:mp-779720_1_4_0_0_0,1.3732745193560676,1.2447322342874996,1.103269025680971,2.095042087718487,0.252386117424505,7.0,0.6825279883003195,3.0,0.058077998493459626,Li39O32La8,O,0.1878904310173277,2.76567310359337,2.3164705316364844,1.1939168082745018,1.9841984663580532,0.7533395982526454,9.0,0.8613398695978808,2.0,0.15762834797122027
nebDFT2k:mp-779720_0_6_0_0_0,2.769811563131463,2.697893107819584,1.026657266406675,2.010510749153141,0.21111817083291026,7.0,0.8153925405493696,3.0,0.09156775313161003,Li39O32La8,O,0.5789402059748172,3.1061792601174343,2.6755384738915233,1.1609548098179847,1.955732350037212,0.23869614205158954,7.0,0.8641716959743152,2.0,0.11748170028461724
nebDFT2k:mp-779720_12_22_0_0_0,2.107976433956273,2.0673181457024383,1.0196671655682776,2.023178705863028,1.0,8.0,0.8523462745408636,2.0,0.16516549274007608,Li39O32La8,O,0.483877931352985,2.843163903901996,2.3883129513718906,1.1904486396009495,2.0066883216471005,1.0,7.0,0.8604692777823632,3.0,0.11954416515016242
nebDFT2k:mp-779720_4_8_0_1_0,1.6200422822285157,1.581535346699383,1.0243478184724075,2.097623845726527,1.0,10.0,0.8068338731919099,3.0,0.089054024306216,Li39O32La8,O,0.217546515021723,2.69388909953498,2.4222153880746604,1.1121591881538924,2.008477540488865,0.25389255738579175,9.0,0.8749852116221053,1.0,0.19219622663144753
nebDFT2k:mp-781596_1_3_0_1_0,3.1756131221452106,2.8528316922825714,1.113144224643824,2.0365631173106804,1.0,4.0,0.6517525982261996,4.0,0.14228294905899475,Li15O16F32Fe16,O+F,0.2884532527802519,3.4751328791961815,3.1265181440982053,1.1115025466127684,1.9467369794366547,0.0,4.0,0.7441960770652973,5.0,0.049208943345778744
nebDFT2k:mp-849351_1_0_1_0_-1,6.211395370502619,5.793732649468946,1.0720887114237065,1.9287247193216253,0.0,6.0,0.9035981092739667,2.0,0.23608723357147743,Li15O112P32Mn16,O,1.407319117344091,6.863309167894679,5.907352668889632,1.1618248566806375,1.9571107161715608,0.0,6.0,0.8789117741741722,2.0,0.28863109271333176
nebDFT2k:mp-849386_8_8_1_0_0,6.090714018466468,5.188589921263201,1.173866910064775,2.0523659571138655,0.346550963871433,7.0,0.8008909175647421,3.0,0.2381840646715241,Li17O96V24Nb14,O,1.6529098518775849,6.135949081537969,5.18864,1.18257367663549,1.9893163218271641,0.3318713354892981,9.0,1.0108744249231265,2.0,0.44888449254749885
nebDFT2k:mp-850532_0_1_0_1_0,4.68520553415894,4.396289334363978,1.0657181950097379,1.9878837073153024,1.0,5.0,0.7105731091171413,3.0,0.09210273641061495,Li3O48P12Sn8,O,0.2762806560365021,4.95326737162438,4.417007802194258,1.1214078836726804,1.987859952386428,0.0,5.0,0.7104953788479913,4.0,0.24353087917095806
